{
	"credit": "Made with Blockbench, by xR4YM0ND",
	"texture_size": [32, 32],
	"textures": {
		"0": "usefulrailroads:block/rays_direction_rail",
		"particle": "usefulrailroads:block/rays_direction_rail"
	},
	"elements": [
		{
			"from": [3, 1, 0],
			"to": [4, 2, 16],
			"faces": {
				"north": {"uv": [2.5, 11, 3, 11.5], "texture": "#0"},
				"east": {"uv": [6, 1, 14, 1.5], "texture": "#0"},
				"south": {"uv": [3, 11, 3.5, 11.5], "texture": "#0"},
				"west": {"uv": [6, 1.5, 14, 2], "texture": "#0"},
				"up": {"uv": [6.5, 10, 6, 2], "texture": "#0"},
				"down": {"uv": [7, 2, 6.5, 10], "texture": "#0"}
			}
		},
		{
			"from": [12, 1, 0],
			"to": [13, 2, 16],
			"faces": {
				"north": {"uv": [3.5, 11, 4, 11.5], "texture": "#0"},
				"east": {"uv": [7, 2, 15, 2.5], "texture": "#0"},
				"south": {"uv": [4, 11, 4.5, 11.5], "texture": "#0"},
				"west": {"uv": [7, 2.5, 15, 3], "texture": "#0"},
				"up": {"uv": [0.5, 15, 0, 7], "texture": "#0"},
				"down": {"uv": [1, 7, 0.5, 15], "texture": "#0"}
			}
		},
		{
			"from": [2, 0, 1],
			"to": [14, 1, 3],
			"faces": {
				"north": {"uv": [7, 3, 13, 3.5], "texture": "#0"},
				"east": {"uv": [1, 10, 2, 10.5], "texture": "#0"},
				"south": {"uv": [7, 3.5, 13, 4], "texture": "#0"},
				"west": {"uv": [2, 10, 3, 10.5], "texture": "#0"},
				"up": {"uv": [6, 1, 0, 0], "texture": "#0"},
				"down": {"uv": [6, 1, 0, 2], "texture": "#0"}
			}
		},
		{
			"from": [2, 0, 5],
			"to": [14, 1, 7],
			"faces": {
				"north": {"uv": [7, 4, 13, 4.5], "texture": "#0"},
				"east": {"uv": [3, 10, 4, 10.5], "texture": "#0"},
				"south": {"uv": [7, 4.5, 13, 5], "texture": "#0"},
				"west": {"uv": [4, 10, 5, 10.5], "texture": "#0"},
				"up": {"uv": [6, 3, 0, 2], "texture": "#0"},
				"down": {"uv": [6, 3, 0, 4], "texture": "#0"}
			}
		},
		{
			"from": [2, 0, 9],
			"to": [14, 1, 11],
			"faces": {
				"north": {"uv": [7, 5, 13, 5.5], "texture": "#0"},
				"east": {"uv": [5, 10, 6, 10.5], "texture": "#0"},
				"south": {"uv": [7, 5.5, 13, 6], "texture": "#0"},
				"west": {"uv": [6, 10, 7, 10.5], "texture": "#0"},
				"up": {"uv": [6, 5, 0, 4], "texture": "#0"},
				"down": {"uv": [6, 5, 0, 6], "texture": "#0"}
			}
		},
		{
			"from": [2, 0, 13],
			"to": [14, 1, 15],
			"faces": {
				"north": {"uv": [7, 6, 13, 6.5], "texture": "#0"},
				"east": {"uv": [7, 10, 8, 10.5], "texture": "#0"},
				"south": {"uv": [7, 6.5, 13, 7], "texture": "#0"},
				"west": {"uv": [10, 7, 11, 7.5], "texture": "#0"},
				"up": {"uv": [6, 7, 0, 6], "texture": "#0"},
				"down": {"uv": [12, 0, 6, 1], "texture": "#0"}
			}
		},
		{
			"name": "flat",
			"from": [7, 0, 3],
			"to": [9, 0.5, 5],
			"faces": {
				"north": {"uv": [4.5, 11, 5.5, 11.25], "texture": "#0"},
				"east": {"uv": [5.5, 11, 6.5, 11.25], "texture": "#0"},
				"south": {"uv": [6.5, 11, 7.5, 11.25], "texture": "#0"},
				"west": {"uv": [11, 7, 12, 7.25], "texture": "#0"},
				"up": {"uv": [2, 8, 1, 7], "texture": "#0"},
				"down": {"uv": [3, 7, 2, 8], "texture": "#0"}
			}
		},
		{
			"name": "flat",
			"from": [7, 0, 7],
			"to": [9, 0.5, 9],
			"faces": {
				"north": {"uv": [7.5, 11, 8.5, 11.25], "texture": "#0"},
				"east": {"uv": [11, 7.5, 12, 7.75], "texture": "#0"},
				"south": {"uv": [11, 8, 12, 8.25], "texture": "#0"},
				"west": {"uv": [8.5, 11, 9.5, 11.25], "texture": "#0"},
				"up": {"uv": [4, 8, 3, 7], "texture": "#0"},
				"down": {"uv": [5, 7, 4, 8], "texture": "#0"}
			}
		},
		{
			"name": "flat",
			"from": [7, 0, 11],
			"to": [9, 0.5, 13],
			"faces": {
				"north": {"uv": [11, 8.5, 12, 8.75], "texture": "#0"},
				"east": {"uv": [9.5, 11, 10.5, 11.25], "texture": "#0"},
				"south": {"uv": [11, 10, 12, 10.25], "texture": "#0"},
				"west": {"uv": [10.5, 11, 11.5, 11.25], "texture": "#0"},
				"up": {"uv": [6, 8, 5, 7], "texture": "#0"},
				"down": {"uv": [8, 7, 7, 8], "texture": "#0"}
			}
		},
		{
			"name": "flat",
			"from": [7, 0, 15],
			"to": [9, 0.5, 15.8],
			"faces": {
				"north": {"uv": [1, 11.5, 2, 11.75], "texture": "#0"},
				"east": {"uv": [12, 12.5, 12.5, 12.75], "texture": "#0"},
				"south": {"uv": [2, 11.5, 3, 11.75], "texture": "#0"},
				"west": {"uv": [12.5, 12.5, 13, 12.75], "texture": "#0"},
				"up": {"uv": [11, 8, 10, 7.5], "texture": "#0"},
				"down": {"uv": [9, 10, 8, 10.5], "texture": "#0"}
			}
		},
		{
			"name": "flat",
			"from": [7, 0, 15.8],
			"to": [9, 0.3, 16],
			"faces": {
				"north": {"uv": [3, 11.5, 4, 11.75], "texture": "#0"},
				"east": {"uv": [3.5, 13, 3.75, 13.25], "texture": "#0"},
				"south": {"uv": [4, 11.5, 5, 11.75], "texture": "#0"},
				"west": {"uv": [13, 3.5, 13.25, 3.75], "texture": "#0"},
				"up": {"uv": [6, 11.75, 5, 11.5], "texture": "#0"},
				"down": {"uv": [7, 11.5, 6, 11.75], "texture": "#0"}
			}
		},
		{
			"name": "flat",
			"from": [7, 0, 0.2],
			"to": [9, 0.5, 1],
			"faces": {
				"north": {"uv": [7, 11.5, 8, 11.75], "texture": "#0"},
				"east": {"uv": [13, 0, 13.5, 0.25], "texture": "#0"},
				"south": {"uv": [8, 11.5, 9, 11.75], "texture": "#0"},
				"west": {"uv": [13, 0.5, 13.5, 0.75], "texture": "#0"},
				"up": {"uv": [11, 8.5, 10, 8], "texture": "#0"},
				"down": {"uv": [11, 8.5, 10, 9], "texture": "#0"}
			}
		},
		{
			"name": "flat",
			"from": [7, 0, 0],
			"to": [9, 0.3, 0.2],
			"faces": {
				"north": {"uv": [9, 11.5, 10, 11.75], "texture": "#0"},
				"east": {"uv": [4, 13, 4.25, 13.25], "texture": "#0"},
				"south": {"uv": [10, 11.5, 11, 11.75], "texture": "#0"},
				"west": {"uv": [13, 4, 13.25, 4.25], "texture": "#0"},
				"up": {"uv": [12.5, 10.75, 11.5, 10.5], "texture": "#0"},
				"down": {"uv": [12, 11.5, 11, 11.75], "texture": "#0"}
			}
		},
		{
			"name": "over",
			"from": [4, 1, 1],
			"to": [6, 1.1, 3],
			"faces": {
				"north": {"uv": [11.5, 11, 12.5, 11.25], "texture": "#0"},
				"east": {"uv": [12, 0, 13, 0.25], "texture": "#0"},
				"south": {"uv": [12, 0.5, 13, 0.75], "texture": "#0"},
				"west": {"uv": [1, 12, 2, 12.25], "texture": "#0"},
				"up": {"uv": [2, 9, 1, 8], "texture": "#0"},
				"down": {"uv": [3, 8, 2, 9], "texture": "#0"}
			}
		},
		{
			"name": "over",
			"from": [4, 1, 5],
			"to": [6, 1.1, 7],
			"faces": {
				"north": {"uv": [2, 12, 3, 12.25], "texture": "#0"},
				"east": {"uv": [3, 12, 4, 12.25], "texture": "#0"},
				"south": {"uv": [4, 12, 5, 12.25], "texture": "#0"},
				"west": {"uv": [5, 12, 6, 12.25], "texture": "#0"},
				"up": {"uv": [4, 9, 3, 8], "texture": "#0"},
				"down": {"uv": [5, 8, 4, 9], "texture": "#0"}
			}
		},
		{
			"name": "over",
			"from": [4, 1, 9],
			"to": [6, 1.1, 11],
			"faces": {
				"north": {"uv": [6, 12, 7, 12.25], "texture": "#0"},
				"east": {"uv": [7, 12, 8, 12.25], "texture": "#0"},
				"south": {"uv": [12, 7, 13, 7.25], "texture": "#0"},
				"west": {"uv": [12, 7.5, 13, 7.75], "texture": "#0"},
				"up": {"uv": [6, 9, 5, 8], "texture": "#0"},
				"down": {"uv": [8, 8, 7, 9], "texture": "#0"}
			}
		},
		{
			"name": "over",
			"from": [4, 1, 13],
			"to": [6, 1.1, 15],
			"faces": {
				"north": {"uv": [8, 12, 9, 12.25], "texture": "#0"},
				"east": {"uv": [12, 8, 13, 8.25], "texture": "#0"},
				"south": {"uv": [12, 8.5, 13, 8.75], "texture": "#0"},
				"west": {"uv": [9, 12, 10, 12.25], "texture": "#0"},
				"up": {"uv": [9, 8, 8, 7], "texture": "#0"},
				"down": {"uv": [9, 8, 8, 9], "texture": "#0"}
			}
		},
		{
			"name": "over",
			"from": [10, 1, 13],
			"to": [12, 1.1, 15],
			"faces": {
				"north": {"uv": [12, 9, 13, 9.25], "texture": "#0"},
				"east": {"uv": [12, 9.5, 13, 9.75], "texture": "#0"},
				"south": {"uv": [10, 12, 11, 12.25], "texture": "#0"},
				"west": {"uv": [12, 10, 13, 10.25], "texture": "#0"},
				"up": {"uv": [2, 10, 1, 9], "texture": "#0"},
				"down": {"uv": [3, 9, 2, 10], "texture": "#0"}
			}
		},
		{
			"name": "over",
			"from": [10, 1, 9],
			"to": [12, 1.1, 11],
			"faces": {
				"north": {"uv": [11, 12, 12, 12.25], "texture": "#0"},
				"east": {"uv": [12, 11.5, 13, 11.75], "texture": "#0"},
				"south": {"uv": [12, 12, 13, 12.25], "texture": "#0"},
				"west": {"uv": [1, 12.5, 2, 12.75], "texture": "#0"},
				"up": {"uv": [4, 10, 3, 9], "texture": "#0"},
				"down": {"uv": [5, 9, 4, 10], "texture": "#0"}
			}
		},
		{
			"name": "over",
			"from": [10, 1, 5],
			"to": [12, 1.1, 7],
			"faces": {
				"north": {"uv": [2, 12.5, 3, 12.75], "texture": "#0"},
				"east": {"uv": [3, 12.5, 4, 12.75], "texture": "#0"},
				"south": {"uv": [4, 12.5, 5, 12.75], "texture": "#0"},
				"west": {"uv": [5, 12.5, 6, 12.75], "texture": "#0"},
				"up": {"uv": [6, 10, 5, 9], "texture": "#0"},
				"down": {"uv": [8, 9, 7, 10], "texture": "#0"}
			}
		},
		{
			"name": "over",
			"from": [10, 1, 1],
			"to": [12, 1.1, 3],
			"faces": {
				"north": {"uv": [6, 12.5, 7, 12.75], "texture": "#0"},
				"east": {"uv": [7, 12.5, 8, 12.75], "texture": "#0"},
				"south": {"uv": [8, 12.5, 9, 12.75], "texture": "#0"},
				"west": {"uv": [9, 12.5, 10, 12.75], "texture": "#0"},
				"up": {"uv": [10, 8, 9, 7], "texture": "#0"},
				"down": {"uv": [9, 9, 8, 10], "texture": "#0"}
			}
		},
		{
			"from": [7.5, 1, 5],
			"to": [8.5, 1.5, 5.5],
			"faces": {
				"north": {"uv": [1, 13, 1.5, 13.25], "texture": "#0"},
				"east": {"uv": [4.5, 13, 4.75, 13.25], "texture": "#0"},
				"south": {"uv": [1.5, 13, 2, 13.25], "texture": "#0"},
				"west": {"uv": [13, 4.5, 13.25, 4.75], "texture": "#0"},
				"up": {"uv": [2.5, 13.25, 2, 13], "texture": "#0"},
				"down": {"uv": [3, 13, 2.5, 13.25], "texture": "#0"}
			}
		},
		{
			"from": [7.5, 1, 7],
			"to": [8.5, 1.5, 11],
			"faces": {
				"north": {"uv": [3, 13, 3.5, 13.25], "texture": "#0"},
				"east": {"uv": [3, 10.5, 5, 10.75], "texture": "#0"},
				"south": {"uv": [13, 3, 13.5, 3.25], "texture": "#0"},
				"west": {"uv": [5, 10.5, 7, 10.75], "texture": "#0"},
				"up": {"uv": [9.5, 10, 9, 8], "texture": "#0"},
				"down": {"uv": [10, 8, 9.5, 10], "texture": "#0"}
			}
		},
		{
			"from": [7, 1, 5.5],
			"to": [9, 1.5, 6],
			"faces": {
				"north": {"uv": [10, 12.5, 11, 12.75], "texture": "#0"},
				"east": {"uv": [5, 13, 5.25, 13.25], "texture": "#0"},
				"south": {"uv": [12.5, 10.5, 13.5, 10.75], "texture": "#0"},
				"west": {"uv": [13, 5, 13.25, 5.25], "texture": "#0"},
				"up": {"uv": [12, 12.75, 11, 12.5], "texture": "#0"},
				"down": {"uv": [13.5, 11, 12.5, 11.25], "texture": "#0"}
			}
		},
		{
			"from": [6.5, 1, 6],
			"to": [9.5, 1.5, 6.5],
			"faces": {
				"north": {"uv": [7, 10.5, 8.5, 10.75], "texture": "#0"},
				"east": {"uv": [5.5, 13, 5.75, 13.25], "texture": "#0"},
				"south": {"uv": [8.5, 10.5, 10, 10.75], "texture": "#0"},
				"west": {"uv": [13, 5.5, 13.25, 5.75], "texture": "#0"},
				"up": {"uv": [11.5, 10.75, 10, 10.5], "texture": "#0"},
				"down": {"uv": [2.5, 11, 1, 11.25], "texture": "#0"}
			}
		},
		{
			"from": [6, 1, 6.5],
			"to": [10, 1.5, 7],
			"faces": {
				"north": {"uv": [9, 10, 11, 10.25], "texture": "#0"},
				"east": {"uv": [6, 13, 6.25, 13.25], "texture": "#0"},
				"south": {"uv": [10, 9, 12, 9.25], "texture": "#0"},
				"west": {"uv": [13, 6, 13.25, 6.25], "texture": "#0"},
				"up": {"uv": [12, 9.75, 10, 9.5], "texture": "#0"},
				"down": {"uv": [3, 10.5, 1, 10.75], "texture": "#0"}
			}
		}
	],
	"gui_light": "front",
	"display": {
		"thirdperson_righthand": {
			"rotation": [90, 0, 0],
			"translation": [0, 2.25, 4.5],
			"scale": [0.6, 0.6, 0.6]
		},
		"thirdperson_lefthand": {
			"rotation": [90, 0, 0],
			"translation": [0, 2.25, 4.5],
			"scale": [0.6, 0.6, 0.6]
		},
		"firstperson_righthand": {
			"rotation": [50, 0, 75],
			"translation": [3, 0.5, -6]
		},
		"firstperson_lefthand": {
			"rotation": [50, 0, 75],
			"translation": [3, 0.5, -6]
		},
		"ground": {
			"translation": [0, 2.5, 0],
			"scale": [0.5, 0.5, 0.5]
		},
		"gui": {
			"rotation": [90, 0, 0]
		},
		"head": {
			"rotation": [90, 0, 0],
			"translation": [0, 0, 14.5]
		},
		"fixed": {
			"rotation": [-90, 0, 0],
			"translation": [0, 0, -8]
		}
	},
	"groups": [
		{
			"name": "rail",
			"origin": [8, 8, 8],
			"color": 0,
			"children": [0, 1]
		},
		{
			"name": "steps",
			"origin": [8, 8, 8],
			"color": 0,
			"children": [2, 3, 4, 5]
		},
		{
			"name": "redstone",
			"origin": [8, 8, 8],
			"color": 0,
			"children": [6, 7, 8, 9, 10, 11, 12, 13, 14, 15, 16, 17, 18, 19, 20]
		},
		{
			"name": "extras",
			"origin": [8, 8, 8],
			"color": 0,
			"children": [21, 22, 23, 24, 25]
		}
	]
}