{
	"credit": "Made with Blockbench, by xR4YM0ND",
	"texture_size": [64, 64],
	"textures": {
		"0": "thermal:block/rays_lumium_powered_rail_raised_ne",
		"particle": "thermal:block/rays_lumium_powered_rail_raised_ne"
	},
	"elements": [
		{
			"from": [3.002, 17.002, 0],
			"to": [3.998, 17.998, 22.628],
			"rotation": {"angle": 45, "axis": "x", "origin": [3, 17, 0]},
			"faces": {
				"north": {"uv": [6.25, 7.25, 6.5, 7.5], "texture": "#0"},
				"east": {"uv": [3, 1.5, 8.75, 1.75], "texture": "#0"},
				"south": {"uv": [7.25, 7.25, 7.5, 7.5], "texture": "#0"},
				"west": {"uv": [3, 1.75, 8.75, 2], "texture": "#0"},
				"up": {"uv": [3.25, 7.75, 3, 2], "texture": "#0"},
				"down": {"uv": [3.5, 2, 3.25, 7.75], "texture": "#0"}
			}
		},
		{
			"from": [3.004, 17.2594, -0.077],
			"to": [3.996, 17.7854, 0.3366],
			"rotation": {"angle": 45, "axis": "x", "origin": [3.5, 17.3, 0.425]},
			"faces": {
				"north": {"uv": [7.5, 0, 7.75, 0.25], "texture": "#0"},
				"east": {"uv": [7.5, 0.25, 7.75, 0.5], "texture": "#0"},
				"south": {"uv": [7.5, 0.5, 7.75, 0.75], "texture": "#0"},
				"west": {"uv": [7.5, 0.75, 7.75, 1], "texture": "#0"},
				"up": {"uv": [7.75, 1.25, 7.5, 1], "texture": "#0"},
				"down": {"uv": [7.75, 1.25, 7.5, 1.5], "texture": "#0"}
			}
		},
		{
			"from": [3.006, 17.006, 0],
			"to": [3.994, 17.994, 0.414],
			"rotation": {"angle": 0, "axis": "y", "origin": [3, 17, 0]},
			"faces": {
				"north": {"uv": [1.5, 7.5, 1.75, 7.75], "texture": "#0"},
				"east": {"uv": [1.75, 7.5, 2, 7.75], "texture": "#0"},
				"south": {"uv": [2, 7.5, 2.25, 7.75], "texture": "#0"},
				"west": {"uv": [2.25, 7.5, 2.5, 7.75], "texture": "#0"},
				"up": {"uv": [2.75, 7.75, 2.5, 7.5], "texture": "#0"},
				"down": {"uv": [3, 7.5, 2.75, 7.75], "texture": "#0"}
			}
		},
		{
			"from": [12.002, 17.002, 0],
			"to": [12.998, 17.998, 22.628],
			"rotation": {"angle": 45, "axis": "x", "origin": [12, 17, 0]},
			"faces": {
				"north": {"uv": [7.5, 3.5, 7.75, 3.75], "texture": "#0"},
				"east": {"uv": [3.5, 2, 9.25, 2.25], "texture": "#0"},
				"south": {"uv": [3.75, 7.5, 4, 7.75], "texture": "#0"},
				"west": {"uv": [3.5, 2.25, 9.25, 2.5], "texture": "#0"},
				"up": {"uv": [0.25, 9.25, 0, 3.5], "texture": "#0"},
				"down": {"uv": [0.5, 3.5, 0.25, 9.25], "texture": "#0"}
			}
		},
		{
			"from": [12.004, 17.2594, -0.077],
			"to": [12.996, 17.7854, 0.3366],
			"rotation": {"angle": 45, "axis": "x", "origin": [12.5, 17.3, 0.425]},
			"faces": {
				"north": {"uv": [7.5, 3.75, 7.75, 4], "texture": "#0"},
				"east": {"uv": [4, 7.5, 4.25, 7.75], "texture": "#0"},
				"south": {"uv": [4.5, 7.5, 4.75, 7.75], "texture": "#0"},
				"west": {"uv": [7.5, 4.5, 7.75, 4.75], "texture": "#0"},
				"up": {"uv": [7.75, 5.25, 7.5, 5], "texture": "#0"},
				"down": {"uv": [5.5, 7.5, 5.25, 7.75], "texture": "#0"}
			}
		},
		{
			"from": [12.006, 17.006, 0],
			"to": [12.994, 17.994, 0.414],
			"rotation": {"angle": 0, "axis": "y", "origin": [12, 17, 0]},
			"faces": {
				"north": {"uv": [7.5, 5.25, 7.75, 5.5], "texture": "#0"},
				"east": {"uv": [5.5, 7.5, 5.75, 7.75], "texture": "#0"},
				"south": {"uv": [5.75, 7.5, 6, 7.75], "texture": "#0"},
				"west": {"uv": [7.5, 5.75, 7.75, 6], "texture": "#0"},
				"up": {"uv": [7.75, 6.25, 7.5, 6], "texture": "#0"},
				"down": {"uv": [6.5, 7.5, 6.25, 7.75], "texture": "#0"}
			}
		},
		{
			"from": [2, 1.69004, 13.0249],
			"to": [14, 3.69004, 14.0249],
			"rotation": {"angle": -45, "axis": "x", "origin": [8, 2.74004, 13.4572]},
			"faces": {
				"north": {"uv": [0, 0, 3, 0.5], "texture": "#0"},
				"east": {"uv": [2.5, 6.5, 2.75, 7], "texture": "#0"},
				"south": {"uv": [0, 0.5, 3, 1], "texture": "#0"},
				"west": {"uv": [2.75, 6.5, 3, 7], "texture": "#0"},
				"up": {"uv": [6.5, 3.75, 3.5, 3.5], "texture": "#0"},
				"down": {"uv": [6.5, 3.75, 3.5, 4], "texture": "#0"}
			}
		},
		{
			"from": [2, 5.69004, 13.0249],
			"to": [14, 7.69004, 14.0249],
			"rotation": {"angle": -45, "axis": "x", "origin": [8, 2.74004, 13.4572]},
			"faces": {
				"north": {"uv": [0, 1, 3, 1.5], "texture": "#0"},
				"east": {"uv": [3.5, 6.5, 3.75, 7], "texture": "#0"},
				"south": {"uv": [0, 1.5, 3, 2], "texture": "#0"},
				"west": {"uv": [6.5, 3.5, 6.75, 4], "texture": "#0"},
				"up": {"uv": [6.5, 4.25, 3.5, 4], "texture": "#0"},
				"down": {"uv": [6.5, 4.25, 3.5, 4.5], "texture": "#0"}
			}
		},
		{
			"from": [2, 9.69004, 13.0249],
			"to": [14, 11.69004, 14.0249],
			"rotation": {"angle": -45, "axis": "x", "origin": [8, 2.74004, 13.4572]},
			"faces": {
				"north": {"uv": [0, 2, 3, 2.5], "texture": "#0"},
				"east": {"uv": [3.75, 6.5, 4, 7], "texture": "#0"},
				"south": {"uv": [0, 2.5, 3, 3], "texture": "#0"},
				"west": {"uv": [4, 6.5, 4.25, 7], "texture": "#0"},
				"up": {"uv": [6.5, 4.75, 3.5, 4.5], "texture": "#0"},
				"down": {"uv": [6.5, 4.75, 3.5, 5], "texture": "#0"}
			}
		},
		{
			"from": [2, 13.69004, 13.0249],
			"to": [14, 15.69004, 14.0249],
			"rotation": {"angle": -45, "axis": "x", "origin": [8, 2.74004, 13.4572]},
			"faces": {
				"north": {"uv": [0, 3, 3, 3.5], "texture": "#0"},
				"east": {"uv": [6.5, 4, 6.75, 4.5], "texture": "#0"},
				"south": {"uv": [3, 0, 6, 0.5], "texture": "#0"},
				"west": {"uv": [4.25, 6.5, 4.5, 7], "texture": "#0"},
				"up": {"uv": [6.5, 5.25, 3.5, 5], "texture": "#0"},
				"down": {"uv": [6.5, 5.25, 3.5, 5.5], "texture": "#0"}
			}
		},
		{
			"from": [2, 17.69004, 13.0249],
			"to": [14, 19.69004, 14.0249],
			"rotation": {"angle": -45, "axis": "x", "origin": [8, 2.74004, 13.4572]},
			"faces": {
				"north": {"uv": [3, 0.5, 6, 1], "texture": "#0"},
				"east": {"uv": [4.5, 6.5, 4.75, 7], "texture": "#0"},
				"south": {"uv": [3, 1, 6, 1.5], "texture": "#0"},
				"west": {"uv": [6.5, 4.5, 6.75, 5], "texture": "#0"},
				"up": {"uv": [6.5, 5.75, 3.5, 5.5], "texture": "#0"},
				"down": {"uv": [6.5, 5.75, 3.5, 6], "texture": "#0"}
			}
		},
		{
			"name": "over",
			"from": [4, 17.69004, 14.0249],
			"to": [6, 19.69004, 14.1249],
			"rotation": {"angle": -45, "axis": "x", "origin": [8, 2.74004, 13.4572]},
			"faces": {
				"north": {"uv": [1.5, 3.5, 2, 4], "texture": "#0"},
				"east": {"uv": [4.75, 6.5, 5, 7], "texture": "#0"},
				"south": {"uv": [2, 3.5, 2.5, 4], "texture": "#0"},
				"west": {"uv": [5, 6.5, 5.25, 7], "texture": "#0"},
				"up": {"uv": [7, 5.25, 6.5, 5], "texture": "#0"},
				"down": {"uv": [5.75, 6.5, 5.25, 6.75], "texture": "#0"}
			}
		},
		{
			"name": "over",
			"from": [10, 17.69004, 14.0249],
			"to": [12, 19.69004, 14.1249],
			"rotation": {"angle": -45, "axis": "x", "origin": [8, 2.74004, 13.4572]},
			"faces": {
				"north": {"uv": [2.5, 3.5, 3, 4], "texture": "#0"},
				"east": {"uv": [6.5, 5.25, 6.75, 5.75], "texture": "#0"},
				"south": {"uv": [1.5, 4, 2, 4.5], "texture": "#0"},
				"west": {"uv": [5.75, 6.5, 6, 7], "texture": "#0"},
				"up": {"uv": [7, 6, 6.5, 5.75], "texture": "#0"},
				"down": {"uv": [6.5, 6.5, 6, 6.75], "texture": "#0"}
			}
		},
		{
			"name": "over",
			"from": [10, 13.69004, 14.0249],
			"to": [12, 15.69004, 14.1249],
			"rotation": {"angle": -45, "axis": "x", "origin": [8, 2.74004, 13.4572]},
			"faces": {
				"north": {"uv": [2, 4, 2.5, 4.5], "texture": "#0"},
				"east": {"uv": [6.5, 6, 6.75, 6.5], "texture": "#0"},
				"south": {"uv": [2.5, 4, 3, 4.5], "texture": "#0"},
				"west": {"uv": [6.5, 6.5, 6.75, 7], "texture": "#0"},
				"up": {"uv": [7.25, 3.75, 6.75, 3.5], "texture": "#0"},
				"down": {"uv": [7.25, 3.75, 6.75, 4], "texture": "#0"}
			}
		},
		{
			"name": "over",
			"from": [10, 9.69004, 14.0249],
			"to": [12, 11.69004, 14.1249],
			"rotation": {"angle": -45, "axis": "x", "origin": [8, 2.74004, 13.4572]},
			"faces": {
				"north": {"uv": [1.5, 4.5, 2, 5], "texture": "#0"},
				"east": {"uv": [6.75, 4, 7, 4.5], "texture": "#0"},
				"south": {"uv": [2, 4.5, 2.5, 5], "texture": "#0"},
				"west": {"uv": [6.75, 4.5, 7, 5], "texture": "#0"},
				"up": {"uv": [5.75, 7, 5.25, 6.75], "texture": "#0"},
				"down": {"uv": [7.25, 5.25, 6.75, 5.5], "texture": "#0"}
			}
		},
		{
			"name": "over",
			"from": [10, 5.69004, 14.0249],
			"to": [12, 7.69004, 14.1249],
			"rotation": {"angle": -45, "axis": "x", "origin": [8, 2.74004, 13.4572]},
			"faces": {
				"north": {"uv": [2.5, 4.5, 3, 5], "texture": "#0"},
				"east": {"uv": [6, 6.75, 6.25, 7.25], "texture": "#0"},
				"south": {"uv": [1.5, 5, 2, 5.5], "texture": "#0"},
				"west": {"uv": [6.75, 6, 7, 6.5], "texture": "#0"},
				"up": {"uv": [7.25, 5.75, 6.75, 5.5], "texture": "#0"},
				"down": {"uv": [7.25, 6.5, 6.75, 6.75], "texture": "#0"}
			}
		},
		{
			"name": "over",
			"from": [10, 1.69004, 14.0249],
			"to": [12, 3.69004, 14.1249],
			"rotation": {"angle": -45, "axis": "x", "origin": [8, 2.74004, 13.4572]},
			"faces": {
				"north": {"uv": [2, 5, 2.5, 5.5], "texture": "#0"},
				"east": {"uv": [6.25, 6.75, 6.5, 7.25], "texture": "#0"},
				"south": {"uv": [2.5, 5, 3, 5.5], "texture": "#0"},
				"west": {"uv": [6.75, 6.75, 7, 7.25], "texture": "#0"},
				"up": {"uv": [7.5, 0.25, 7, 0], "texture": "#0"},
				"down": {"uv": [7.5, 0.25, 7, 0.5], "texture": "#0"}
			}
		},
		{
			"name": "over",
			"from": [4, 1.69004, 14.0249],
			"to": [6, 3.69004, 14.1249],
			"rotation": {"angle": -45, "axis": "x", "origin": [8, 2.74004, 13.4572]},
			"faces": {
				"north": {"uv": [1.5, 5.5, 2, 6], "texture": "#0"},
				"east": {"uv": [7, 0.5, 7.25, 1], "texture": "#0"},
				"south": {"uv": [2, 5.5, 2.5, 6], "texture": "#0"},
				"west": {"uv": [7, 1, 7.25, 1.5], "texture": "#0"},
				"up": {"uv": [2, 7.25, 1.5, 7], "texture": "#0"},
				"down": {"uv": [2.5, 7, 2, 7.25], "texture": "#0"}
			}
		},
		{
			"name": "over",
			"from": [4, 5.69004, 14.0249],
			"to": [6, 7.69004, 14.1249],
			"rotation": {"angle": -45, "axis": "x", "origin": [8, 2.74004, 13.4572]},
			"faces": {
				"north": {"uv": [2.5, 5.5, 3, 6], "texture": "#0"},
				"east": {"uv": [2.5, 7, 2.75, 7.5], "texture": "#0"},
				"south": {"uv": [6, 0, 6.5, 0.5], "texture": "#0"},
				"west": {"uv": [2.75, 7, 3, 7.5], "texture": "#0"},
				"up": {"uv": [4, 7.25, 3.5, 7], "texture": "#0"},
				"down": {"uv": [4.5, 7, 4, 7.25], "texture": "#0"}
			}
		},
		{
			"name": "over",
			"from": [4, 9.69004, 14.0249],
			"to": [6, 11.69004, 14.1249],
			"rotation": {"angle": -45, "axis": "x", "origin": [8, 2.74004, 13.4572]},
			"faces": {
				"north": {"uv": [6, 0.5, 6.5, 1], "texture": "#0"},
				"east": {"uv": [7, 4, 7.25, 4.5], "texture": "#0"},
				"south": {"uv": [6, 1, 6.5, 1.5], "texture": "#0"},
				"west": {"uv": [4.5, 7, 4.75, 7.5], "texture": "#0"},
				"up": {"uv": [7.5, 4.75, 7, 4.5], "texture": "#0"},
				"down": {"uv": [5.25, 7, 4.75, 7.25], "texture": "#0"}
			}
		},
		{
			"name": "over",
			"from": [4, 13.69004, 14.0249],
			"to": [6, 15.69004, 14.1249],
			"rotation": {"angle": -45, "axis": "x", "origin": [8, 2.74004, 13.4572]},
			"faces": {
				"north": {"uv": [1.5, 6, 2, 6.5], "texture": "#0"},
				"east": {"uv": [7, 4.75, 7.25, 5.25], "texture": "#0"},
				"south": {"uv": [2, 6, 2.5, 6.5], "texture": "#0"},
				"west": {"uv": [5.25, 7, 5.5, 7.5], "texture": "#0"},
				"up": {"uv": [6, 7.25, 5.5, 7], "texture": "#0"},
				"down": {"uv": [7.5, 5.75, 7, 6], "texture": "#0"}
			}
		},
		{
			"name": "flat",
			"from": [7, 15.69004, 13.0249],
			"to": [9, 17.69004, 13.5249],
			"rotation": {"angle": -45, "axis": "x", "origin": [8, 2.74004, 13.4572]},
			"faces": {
				"north": {"uv": [2.5, 6, 3, 6.5], "texture": "#0"},
				"east": {"uv": [7, 6, 7.25, 6.5], "texture": "#0"},
				"south": {"uv": [3.5, 6, 4, 6.5], "texture": "#0"},
				"west": {"uv": [6.5, 7, 6.75, 7.5], "texture": "#0"},
				"up": {"uv": [7.5, 7, 7, 6.75], "texture": "#0"},
				"down": {"uv": [7.5, 7, 7, 7.25], "texture": "#0"}
			}
		},
		{
			"name": "flat",
			"from": [7.002, 19.69004, 13.0249],
			"to": [8.998, 22.09004, 13.5249],
			"rotation": {"angle": -45, "axis": "x", "origin": [8, 2.74004, 13.4572]},
			"faces": {
				"north": {"uv": [4, 6, 4.5, 6.5], "texture": "#0"},
				"east": {"uv": [7.25, 0.5, 7.5, 1], "texture": "#0"},
				"south": {"uv": [4.5, 6, 5, 6.5], "texture": "#0"},
				"west": {"uv": [7.25, 1, 7.5, 1.5], "texture": "#0"},
				"up": {"uv": [2, 7.5, 1.5, 7.25], "texture": "#0"},
				"down": {"uv": [2.5, 7.25, 2, 7.5], "texture": "#0"}
			}
		},
		{
			"name": "flat",
			"from": [7, 11.69004, 13.0249],
			"to": [9, 13.69004, 13.5249],
			"rotation": {"angle": -45, "axis": "x", "origin": [8, 2.74004, 13.4572]},
			"faces": {
				"north": {"uv": [5, 6, 5.5, 6.5], "texture": "#0"},
				"east": {"uv": [3.5, 7.25, 3.75, 7.75], "texture": "#0"},
				"south": {"uv": [5.5, 6, 6, 6.5], "texture": "#0"},
				"west": {"uv": [7.25, 3.5, 7.5, 4], "texture": "#0"},
				"up": {"uv": [4.25, 7.5, 3.75, 7.25], "texture": "#0"},
				"down": {"uv": [7.75, 4, 7.25, 4.25], "texture": "#0"}
			}
		},
		{
			"name": "flat",
			"from": [7, 7.69004, 13.0249],
			"to": [9, 9.69004, 13.5249],
			"rotation": {"angle": -45, "axis": "x", "origin": [8, 2.74004, 13.4572]},
			"faces": {
				"north": {"uv": [6, 6, 6.5, 6.5], "texture": "#0"},
				"east": {"uv": [4.25, 7.25, 4.5, 7.75], "texture": "#0"},
				"south": {"uv": [6.5, 0, 7, 0.5], "texture": "#0"},
				"west": {"uv": [4.75, 7.25, 5, 7.75], "texture": "#0"},
				"up": {"uv": [7.75, 4.5, 7.25, 4.25], "texture": "#0"},
				"down": {"uv": [7.75, 4.75, 7.25, 5], "texture": "#0"}
			}
		},
		{
			"name": "flat",
			"from": [7, 3.69004, 13.0249],
			"to": [9, 5.69004, 13.5249],
			"rotation": {"angle": -45, "axis": "x", "origin": [8, 2.74004, 13.4572]},
			"faces": {
				"north": {"uv": [6.5, 0.5, 7, 1], "texture": "#0"},
				"east": {"uv": [5, 7.25, 5.25, 7.75], "texture": "#0"},
				"south": {"uv": [6.5, 1, 7, 1.5], "texture": "#0"},
				"west": {"uv": [7.25, 5, 7.5, 5.5], "texture": "#0"},
				"up": {"uv": [6, 7.5, 5.5, 7.25], "texture": "#0"},
				"down": {"uv": [7.75, 5.5, 7.25, 5.75], "texture": "#0"}
			}
		},
		{
			"name": "flat",
			"from": [7.002, -0.50996, 13.0249],
			"to": [8.998, 1.69004, 13.5249],
			"rotation": {"angle": -45, "axis": "x", "origin": [8, 2.74004, 13.4572]},
			"faces": {
				"north": {"uv": [1.5, 6.5, 2, 7], "texture": "#0"},
				"east": {"uv": [6, 7.25, 6.25, 7.75], "texture": "#0"},
				"south": {"uv": [2, 6.5, 2.5, 7], "texture": "#0"},
				"west": {"uv": [7.25, 6, 7.5, 6.5], "texture": "#0"},
				"up": {"uv": [7.75, 6.75, 7.25, 6.5], "texture": "#0"},
				"down": {"uv": [7.25, 7.25, 6.75, 7.5], "texture": "#0"}
			}
		},
		{
			"from": [4.302, 17.002, 0],
			"to": [4.998, 17.698, 22.628],
			"rotation": {"angle": 45, "axis": "x", "origin": [4.3, 17, 0]},
			"faces": {
				"north": {"uv": [7.5, 6.25, 7.75, 6.5], "texture": "#0"},
				"east": {"uv": [3.5, 2.5, 9.25, 2.75], "texture": "#0"},
				"south": {"uv": [6.5, 7.5, 6.75, 7.75], "texture": "#0"},
				"west": {"uv": [3.5, 2.75, 9.25, 3], "texture": "#0"},
				"up": {"uv": [0.75, 9.25, 0.5, 3.5], "texture": "#0"},
				"down": {"uv": [1, 3.5, 0.75, 9.25], "texture": "#0"}
			}
		},
		{
			"from": [4.304, 17.1863, 0.0486],
			"to": [4.996, 17.4863, 0.3622],
			"rotation": {"angle": 45, "axis": "x", "origin": [4.8, 17.3, 0.425]},
			"faces": {
				"north": {"uv": [6.75, 7.5, 7, 7.75], "texture": "#0"},
				"east": {"uv": [7.5, 6.75, 7.75, 7], "texture": "#0"},
				"south": {"uv": [7, 7.5, 7.25, 7.75], "texture": "#0"},
				"west": {"uv": [7.5, 7, 7.75, 7.25], "texture": "#0"},
				"up": {"uv": [7.5, 7.75, 7.25, 7.5], "texture": "#0"},
				"down": {"uv": [7.75, 7.25, 7.5, 7.5], "texture": "#0"}
			}
		},
		{
			"from": [4.306, 17.006, 0],
			"to": [4.994, 17.694, 0.2927],
			"rotation": {"angle": 0, "axis": "y", "origin": [4.3, 17, 0]},
			"faces": {
				"north": {"uv": [7.5, 7.5, 7.75, 7.75], "texture": "#0"},
				"east": {"uv": [7.75, 0, 8, 0.25], "texture": "#0"},
				"south": {"uv": [7.75, 0.25, 8, 0.5], "texture": "#0"},
				"west": {"uv": [7.75, 0.5, 8, 0.75], "texture": "#0"},
				"up": {"uv": [8, 1, 7.75, 0.75], "texture": "#0"},
				"down": {"uv": [8, 1, 7.75, 1.25], "texture": "#0"}
			}
		},
		{
			"from": [11.002, 17.002, 0],
			"to": [11.698, 17.698, 22.628],
			"rotation": {"angle": 45, "axis": "x", "origin": [11, 17, 0]},
			"faces": {
				"north": {"uv": [7.75, 1.25, 8, 1.5], "texture": "#0"},
				"east": {"uv": [3.5, 3, 9.25, 3.25], "texture": "#0"},
				"south": {"uv": [1.5, 7.75, 1.75, 8], "texture": "#0"},
				"west": {"uv": [3.5, 3.25, 9.25, 3.5], "texture": "#0"},
				"up": {"uv": [1.25, 9.25, 1, 3.5], "texture": "#0"},
				"down": {"uv": [1.5, 3.5, 1.25, 9.25], "texture": "#0"}
			}
		},
		{
			"from": [11.004, 17.1863, 0.0486],
			"to": [11.696, 17.4863, 0.3622],
			"rotation": {"angle": 45, "axis": "x", "origin": [11.5, 17.3, 0.425]},
			"faces": {
				"north": {"uv": [1.75, 7.75, 2, 8], "texture": "#0"},
				"east": {"uv": [2, 7.75, 2.25, 8], "texture": "#0"},
				"south": {"uv": [2.25, 7.75, 2.5, 8], "texture": "#0"},
				"west": {"uv": [2.5, 7.75, 2.75, 8], "texture": "#0"},
				"up": {"uv": [3, 8, 2.75, 7.75], "texture": "#0"},
				"down": {"uv": [3.25, 7.75, 3, 8], "texture": "#0"}
			}
		},
		{
			"from": [11.006, 17.006, 0],
			"to": [11.694, 17.694, 0.2927],
			"rotation": {"angle": 0, "axis": "y", "origin": [11, 17, 0]},
			"faces": {
				"north": {"uv": [3.25, 7.75, 3.5, 8], "texture": "#0"},
				"east": {"uv": [3.5, 7.75, 3.75, 8], "texture": "#0"},
				"south": {"uv": [7.75, 3.5, 8, 3.75], "texture": "#0"},
				"west": {"uv": [3.75, 7.75, 4, 8], "texture": "#0"},
				"up": {"uv": [8, 4, 7.75, 3.75], "texture": "#0"},
				"down": {"uv": [4.25, 7.75, 4, 8], "texture": "#0"}
			}
		}
	],
	"groups": [
		{
			"name": "rail_left",
			"origin": [8, 8, 8],
			"color": 0,
			"children": [0, 1, 2]
		},
		{
			"name": "rail_right",
			"origin": [8, 8, 8],
			"color": 0,
			"children": [3, 4, 5]
		},
		{
			"name": "steps",
			"origin": [8, 8, 8],
			"color": 0,
			"children": [6, 7, 8, 9, 10]
		},
		{
			"name": "redstone",
			"origin": [8, 8, 8],
			"color": 0,
			"children": [11, 12, 13, 14, 15, 16, 17, 18, 19, 20, 21, 22, 23, 24, 25, 26]
		},
		{
			"name": "powered_rail_left",
			"origin": [8, 8, 8],
			"color": 0,
			"children": [27, 28, 29]
		},
		{
			"name": "powered_rail_right",
			"origin": [8, 8, 8],
			"color": 0,
			"children": [30, 31, 32]
		}
	]
}