{
	"credit": "Made with Blockbench, by xR4YM0ND",
	"texture_size": [32, 32],
	"textures": {
		"0": "thermal:block/rays_lumium_powered_rail_raised_sw",
		"particle": "thermal:block/rays_lumium_powered_rail_raised_sw"
	},
	"elements": [
		{
			"name": "base",
			"from": [12.002, 8.8557, -3.66734],
			"to": [12.998, 9.8517, 18.96066],
			"rotation": {"angle": -45, "axis": "x", "origin": [12.5, 9.35375, 7.64666]},
			"faces": {
				"north": {"uv": [7.5, 1, 7.75, 1.25], "texture": "#0"},
				"east": {"uv": [3, 1.5, 8.75, 1.75], "texture": "#0"},
				"south": {"uv": [7.5, 1.25, 7.75, 1.5], "texture": "#0"},
				"west": {"uv": [3, 1.75, 8.75, 2], "texture": "#0"},
				"up": {"uv": [3.25, 7.75, 3, 2], "texture": "#0"},
				"down": {"uv": [3.5, 2, 3.25, 7.75], "texture": "#0"}
			}
		},
		{
			"name": "base_extension",
			"from": [12.004, 17.40307, 15.41942],
			"to": [12.996, 17.92907, 15.83302],
			"rotation": {"angle": -45, "axis": "x", "origin": [12.5, 17.66707, 15.62622]},
			"faces": {
				"north": {"uv": [1.5, 7.5, 1.75, 7.75], "texture": "#0"},
				"east": {"uv": [1.75, 7.5, 2, 7.75], "texture": "#0"},
				"south": {"uv": [2, 7.5, 2.25, 7.75], "texture": "#0"},
				"west": {"uv": [2.25, 7.5, 2.5, 7.75], "texture": "#0"},
				"up": {"uv": [2.75, 7.75, 2.5, 7.5], "texture": "#0"},
				"down": {"uv": [3, 7.5, 2.75, 7.75], "texture": "#0"}
			}
		},
		{
			"name": "base_flat",
			"from": [12.006, 17.006, 15.586],
			"to": [12.994, 17.994, 16],
			"rotation": {"angle": 0, "axis": "x", "origin": [12.5, 17.5, 15.793]},
			"faces": {
				"north": {"uv": [3.5, 7.5, 3.75, 7.75], "texture": "#0"},
				"east": {"uv": [7.5, 3.5, 7.75, 3.75], "texture": "#0"},
				"south": {"uv": [3.75, 7.5, 4, 7.75], "texture": "#0"},
				"west": {"uv": [7.5, 3.75, 7.75, 4], "texture": "#0"},
				"up": {"uv": [4.25, 7.75, 4, 7.5], "texture": "#0"},
				"down": {"uv": [7.75, 4, 7.5, 4.25], "texture": "#0"}
			}
		},
		{
			"name": "base",
			"from": [3.002, 8.8557, -3.66734],
			"to": [3.998, 9.8517, 18.96066],
			"rotation": {"angle": -45, "axis": "x", "origin": [3.5, 9.35375, 7.64666]},
			"faces": {
				"north": {"uv": [4.25, 7.5, 4.5, 7.75], "texture": "#0"},
				"east": {"uv": [3.5, 2, 9.25, 2.25], "texture": "#0"},
				"south": {"uv": [7.5, 4.25, 7.75, 4.5], "texture": "#0"},
				"west": {"uv": [3.5, 2.25, 9.25, 2.5], "texture": "#0"},
				"up": {"uv": [0.25, 9.25, 0, 3.5], "texture": "#0"},
				"down": {"uv": [0.5, 3.5, 0.25, 9.25], "texture": "#0"}
			}
		},
		{
			"name": "base_extension",
			"from": [3.004, 17.40307, 15.41942],
			"to": [3.996, 17.92907, 15.83302],
			"rotation": {"angle": -45, "axis": "x", "origin": [3.5, 17.66707, 15.62622]},
			"faces": {
				"north": {"uv": [4.5, 7.5, 4.75, 7.75], "texture": "#0"},
				"east": {"uv": [7.5, 4.5, 7.75, 4.75], "texture": "#0"},
				"south": {"uv": [4.75, 7.5, 5, 7.75], "texture": "#0"},
				"west": {"uv": [7.5, 4.75, 7.75, 5], "texture": "#0"},
				"up": {"uv": [5.25, 7.75, 5, 7.5], "texture": "#0"},
				"down": {"uv": [7.75, 5, 7.5, 5.25], "texture": "#0"}
			}
		},
		{
			"name": "base_flat",
			"from": [3.006, 17.006, 15.586],
			"to": [3.994, 17.994, 16],
			"rotation": {"angle": 0, "axis": "x", "origin": [3.5, 17.5, 15.793]},
			"faces": {
				"north": {"uv": [5.25, 7.5, 5.5, 7.75], "texture": "#0"},
				"east": {"uv": [7.5, 5.25, 7.75, 5.5], "texture": "#0"},
				"south": {"uv": [5.5, 7.5, 5.75, 7.75], "texture": "#0"},
				"west": {"uv": [7.5, 5.5, 7.75, 5.75], "texture": "#0"},
				"up": {"uv": [6, 7.75, 5.75, 7.5], "texture": "#0"},
				"down": {"uv": [7.75, 5.75, 7.5, 6], "texture": "#0"}
			}
		},
		{
			"from": [2, 13.55375, 12.7709],
			"to": [14, 14.55375, 14.7709],
			"rotation": {"angle": -45, "axis": "x", "origin": [8, 14.05375, 13.7709]},
			"faces": {
				"north": {"uv": [3.5, 3.5, 6.5, 3.75], "texture": "#0"},
				"east": {"uv": [2.5, 6.5, 3, 6.75], "texture": "#0"},
				"south": {"uv": [3.5, 3.75, 6.5, 4], "texture": "#0"},
				"west": {"uv": [3.5, 6.5, 4, 6.75], "texture": "#0"},
				"up": {"uv": [3, 0.5, 0, 0], "texture": "#0"},
				"down": {"uv": [3, 0.5, 0, 1], "texture": "#0"}
			}
		},
		{
			"from": [2, 10.72532, 9.94248],
			"to": [14, 11.72532, 11.94248],
			"rotation": {"angle": -45, "axis": "x", "origin": [8, 11.22532, 10.94248]},
			"faces": {
				"north": {"uv": [3.5, 4, 6.5, 4.25], "texture": "#0"},
				"east": {"uv": [6.5, 3.5, 7, 3.75], "texture": "#0"},
				"south": {"uv": [3.5, 4.25, 6.5, 4.5], "texture": "#0"},
				"west": {"uv": [6.5, 3.75, 7, 4], "texture": "#0"},
				"up": {"uv": [3, 1.5, 0, 1], "texture": "#0"},
				"down": {"uv": [3, 1.5, 0, 2], "texture": "#0"}
			}
		},
		{
			"from": [2, 7.89689, 7.11405],
			"to": [14, 8.89689, 9.11405],
			"rotation": {"angle": -45, "axis": "x", "origin": [8, 8.39689, 8.11405]},
			"faces": {
				"north": {"uv": [3.5, 4.5, 6.5, 4.75], "texture": "#0"},
				"east": {"uv": [4, 6.5, 4.5, 6.75], "texture": "#0"},
				"south": {"uv": [3.5, 4.75, 6.5, 5], "texture": "#0"},
				"west": {"uv": [6.5, 4, 7, 4.25], "texture": "#0"},
				"up": {"uv": [3, 2.5, 0, 2], "texture": "#0"},
				"down": {"uv": [3, 2.5, 0, 3], "texture": "#0"}
			}
		},
		{
			"from": [2, 5.06847, 4.28562],
			"to": [14, 6.06847, 6.28562],
			"rotation": {"angle": -45, "axis": "x", "origin": [8, 5.56847, 5.28562]},
			"faces": {
				"north": {"uv": [3.5, 5, 6.5, 5.25], "texture": "#0"},
				"east": {"uv": [6.5, 4.25, 7, 4.5], "texture": "#0"},
				"south": {"uv": [3.5, 5.25, 6.5, 5.5], "texture": "#0"},
				"west": {"uv": [4.5, 6.5, 5, 6.75], "texture": "#0"},
				"up": {"uv": [3, 3.5, 0, 3], "texture": "#0"},
				"down": {"uv": [6, 0, 3, 0.5], "texture": "#0"}
			}
		},
		{
			"from": [2, 2.24004, 1.4572],
			"to": [14, 3.24004, 3.4572],
			"rotation": {"angle": -45, "axis": "x", "origin": [8, 2.74004, 2.4572]},
			"faces": {
				"north": {"uv": [3.5, 5.5, 6.5, 5.75], "texture": "#0"},
				"east": {"uv": [6.5, 4.5, 7, 4.75], "texture": "#0"},
				"south": {"uv": [3.5, 5.75, 6.5, 6], "texture": "#0"},
				"west": {"uv": [6.5, 4.75, 7, 5], "texture": "#0"},
				"up": {"uv": [6, 1, 3, 0.5], "texture": "#0"},
				"down": {"uv": [6, 1, 3, 1.5], "texture": "#0"}
			}
		},
		{
			"name": "over",
			"from": [4, 14.55375, 12.7709],
			"to": [6, 14.65375, 14.7709],
			"rotation": {"angle": -45, "axis": "x", "origin": [8, 14.05375, 13.7709]},
			"faces": {
				"north": {"uv": [5, 6.5, 5.5, 6.75], "texture": "#0"},
				"east": {"uv": [6.5, 5, 7, 5.25], "texture": "#0"},
				"south": {"uv": [6.5, 5.25, 7, 5.5], "texture": "#0"},
				"west": {"uv": [5.5, 6.5, 6, 6.75], "texture": "#0"},
				"up": {"uv": [2, 4, 1.5, 3.5], "texture": "#0"},
				"down": {"uv": [2.5, 3.5, 2, 4], "texture": "#0"}
			}
		},
		{
			"name": "over",
			"from": [4, 14.55375, 8.7709],
			"to": [6, 14.65375, 10.7709],
			"rotation": {"angle": -45, "axis": "x", "origin": [8, 14.05375, 13.7709]},
			"faces": {
				"north": {"uv": [6.5, 5.5, 7, 5.75], "texture": "#0"},
				"east": {"uv": [6.5, 5.75, 7, 6], "texture": "#0"},
				"south": {"uv": [6, 6.5, 6.5, 6.75], "texture": "#0"},
				"west": {"uv": [6.5, 6, 7, 6.25], "texture": "#0"},
				"up": {"uv": [3, 4, 2.5, 3.5], "texture": "#0"},
				"down": {"uv": [2, 4, 1.5, 4.5], "texture": "#0"}
			}
		},
		{
			"name": "over",
			"from": [4, 14.55375, 4.7709],
			"to": [6, 14.65375, 6.7709],
			"rotation": {"angle": -45, "axis": "x", "origin": [8, 14.05375, 13.7709]},
			"faces": {
				"north": {"uv": [6.5, 6.25, 7, 6.5], "texture": "#0"},
				"east": {"uv": [6.5, 6.5, 7, 6.75], "texture": "#0"},
				"south": {"uv": [2.5, 6.75, 3, 7], "texture": "#0"},
				"west": {"uv": [3.5, 6.75, 4, 7], "texture": "#0"},
				"up": {"uv": [2.5, 4.5, 2, 4], "texture": "#0"},
				"down": {"uv": [3, 4, 2.5, 4.5], "texture": "#0"}
			}
		},
		{
			"name": "over",
			"from": [4, 14.55375, 0.7709],
			"to": [6, 14.65375, 2.7709],
			"rotation": {"angle": -45, "axis": "x", "origin": [8, 14.05375, 13.7709]},
			"faces": {
				"north": {"uv": [4, 6.75, 4.5, 7], "texture": "#0"},
				"east": {"uv": [4.5, 6.75, 5, 7], "texture": "#0"},
				"south": {"uv": [5, 6.75, 5.5, 7], "texture": "#0"},
				"west": {"uv": [5.5, 6.75, 6, 7], "texture": "#0"},
				"up": {"uv": [2, 5, 1.5, 4.5], "texture": "#0"},
				"down": {"uv": [2.5, 4.5, 2, 5], "texture": "#0"}
			}
		},
		{
			"name": "over",
			"from": [4, 14.55375, -3.2291],
			"to": [6, 14.65375, -1.2291],
			"rotation": {"angle": -45, "axis": "x", "origin": [8, 14.05375, 13.7709]},
			"faces": {
				"north": {"uv": [6, 6.75, 6.5, 7], "texture": "#0"},
				"east": {"uv": [6.5, 6.75, 7, 7], "texture": "#0"},
				"south": {"uv": [7, 0, 7.5, 0.25], "texture": "#0"},
				"west": {"uv": [7, 0.25, 7.5, 0.5], "texture": "#0"},
				"up": {"uv": [3, 5, 2.5, 4.5], "texture": "#0"},
				"down": {"uv": [2, 5, 1.5, 5.5], "texture": "#0"}
			}
		},
		{
			"name": "over",
			"from": [10, 14.55375, -3.2291],
			"to": [12, 14.65375, -1.2291],
			"rotation": {"angle": -45, "axis": "x", "origin": [8, 14.05375, 13.7709]},
			"faces": {
				"north": {"uv": [7, 0.5, 7.5, 0.75], "texture": "#0"},
				"east": {"uv": [7, 0.75, 7.5, 1], "texture": "#0"},
				"south": {"uv": [7, 1, 7.5, 1.25], "texture": "#0"},
				"west": {"uv": [7, 1.25, 7.5, 1.5], "texture": "#0"},
				"up": {"uv": [2.5, 5.5, 2, 5], "texture": "#0"},
				"down": {"uv": [3, 5, 2.5, 5.5], "texture": "#0"}
			}
		},
		{
			"name": "over",
			"from": [10, 14.55375, 0.7709],
			"to": [12, 14.65375, 2.7709],
			"rotation": {"angle": -45, "axis": "x", "origin": [8, 14.05375, 13.7709]},
			"faces": {
				"north": {"uv": [1.5, 7, 2, 7.25], "texture": "#0"},
				"east": {"uv": [2, 7, 2.5, 7.25], "texture": "#0"},
				"south": {"uv": [2.5, 7, 3, 7.25], "texture": "#0"},
				"west": {"uv": [3.5, 7, 4, 7.25], "texture": "#0"},
				"up": {"uv": [2, 6, 1.5, 5.5], "texture": "#0"},
				"down": {"uv": [2.5, 5.5, 2, 6], "texture": "#0"}
			}
		},
		{
			"name": "over",
			"from": [10, 14.55375, 4.7709],
			"to": [12, 14.65375, 6.7709],
			"rotation": {"angle": -45, "axis": "x", "origin": [8, 14.05375, 13.7709]},
			"faces": {
				"north": {"uv": [7, 3.5, 7.5, 3.75], "texture": "#0"},
				"east": {"uv": [7, 3.75, 7.5, 4], "texture": "#0"},
				"south": {"uv": [4, 7, 4.5, 7.25], "texture": "#0"},
				"west": {"uv": [7, 4, 7.5, 4.25], "texture": "#0"},
				"up": {"uv": [3, 6, 2.5, 5.5], "texture": "#0"},
				"down": {"uv": [6.5, 0, 6, 0.5], "texture": "#0"}
			}
		},
		{
			"name": "over",
			"from": [10, 14.55375, 8.7709],
			"to": [12, 14.65375, 10.7709],
			"rotation": {"angle": -45, "axis": "x", "origin": [8, 14.05375, 13.7709]},
			"faces": {
				"north": {"uv": [7, 4.25, 7.5, 4.5], "texture": "#0"},
				"east": {"uv": [4.5, 7, 5, 7.25], "texture": "#0"},
				"south": {"uv": [7, 4.5, 7.5, 4.75], "texture": "#0"},
				"west": {"uv": [7, 4.75, 7.5, 5], "texture": "#0"},
				"up": {"uv": [6.5, 1, 6, 0.5], "texture": "#0"},
				"down": {"uv": [6.5, 1, 6, 1.5], "texture": "#0"}
			}
		},
		{
			"name": "over",
			"from": [10, 14.55375, 12.7709],
			"to": [12, 14.65375, 14.7709],
			"rotation": {"angle": -45, "axis": "x", "origin": [8, 14.05375, 13.7709]},
			"faces": {
				"north": {"uv": [5, 7, 5.5, 7.25], "texture": "#0"},
				"east": {"uv": [7, 5, 7.5, 5.25], "texture": "#0"},
				"south": {"uv": [7, 5.25, 7.5, 5.5], "texture": "#0"},
				"west": {"uv": [5.5, 7, 6, 7.25], "texture": "#0"},
				"up": {"uv": [2, 6.5, 1.5, 6], "texture": "#0"},
				"down": {"uv": [2.5, 6, 2, 6.5], "texture": "#0"}
			}
		},
		{
			"name": "flat",
			"from": [7.002, 13.55375, 14.7709],
			"to": [8.998, 14.05375, 17.1709],
			"rotation": {"angle": -45, "axis": "x", "origin": [8, 14.05375, 13.7709]},
			"faces": {
				"north": {"uv": [7, 5.5, 7.5, 5.75], "texture": "#0"},
				"east": {"uv": [7, 5.75, 7.5, 6], "texture": "#0"},
				"south": {"uv": [6, 7, 6.5, 7.25], "texture": "#0"},
				"west": {"uv": [7, 6, 7.5, 6.25], "texture": "#0"},
				"up": {"uv": [3, 6.5, 2.5, 6], "texture": "#0"},
				"down": {"uv": [4, 6, 3.5, 6.5], "texture": "#0"}
			}
		},
		{
			"name": "flat",
			"from": [7, 13.55375, 10.7709],
			"to": [9, 14.05375, 12.7709],
			"rotation": {"angle": -45, "axis": "x", "origin": [8, 14.05375, 13.7709]},
			"faces": {
				"north": {"uv": [7, 6.25, 7.5, 6.5], "texture": "#0"},
				"east": {"uv": [6.5, 7, 7, 7.25], "texture": "#0"},
				"south": {"uv": [7, 6.5, 7.5, 6.75], "texture": "#0"},
				"west": {"uv": [7, 6.75, 7.5, 7], "texture": "#0"},
				"up": {"uv": [4.5, 6.5, 4, 6], "texture": "#0"},
				"down": {"uv": [5, 6, 4.5, 6.5], "texture": "#0"}
			}
		},
		{
			"name": "flat",
			"from": [7, 13.55375, 6.7709],
			"to": [9, 14.05375, 8.7709],
			"rotation": {"angle": -45, "axis": "x", "origin": [8, 14.05375, 13.7709]},
			"faces": {
				"north": {"uv": [7, 7, 7.5, 7.25], "texture": "#0"},
				"east": {"uv": [1.5, 7.25, 2, 7.5], "texture": "#0"},
				"south": {"uv": [2, 7.25, 2.5, 7.5], "texture": "#0"},
				"west": {"uv": [2.5, 7.25, 3, 7.5], "texture": "#0"},
				"up": {"uv": [5.5, 6.5, 5, 6], "texture": "#0"},
				"down": {"uv": [6, 6, 5.5, 6.5], "texture": "#0"}
			}
		},
		{
			"name": "flat",
			"from": [7, 13.55375, 2.7709],
			"to": [9, 14.05375, 4.7709],
			"rotation": {"angle": -45, "axis": "x", "origin": [8, 14.05375, 13.7709]},
			"faces": {
				"north": {"uv": [3.5, 7.25, 4, 7.5], "texture": "#0"},
				"east": {"uv": [4, 7.25, 4.5, 7.5], "texture": "#0"},
				"south": {"uv": [4.5, 7.25, 5, 7.5], "texture": "#0"},
				"west": {"uv": [5, 7.25, 5.5, 7.5], "texture": "#0"},
				"up": {"uv": [6.5, 6.5, 6, 6], "texture": "#0"},
				"down": {"uv": [7, 0, 6.5, 0.5], "texture": "#0"}
			}
		},
		{
			"name": "flat",
			"from": [7, 13.55375, -1.2291],
			"to": [9, 14.05375, 0.7709],
			"rotation": {"angle": -45, "axis": "x", "origin": [8, 14.05375, 13.7709]},
			"faces": {
				"north": {"uv": [5.5, 7.25, 6, 7.5], "texture": "#0"},
				"east": {"uv": [6, 7.25, 6.5, 7.5], "texture": "#0"},
				"south": {"uv": [6.5, 7.25, 7, 7.5], "texture": "#0"},
				"west": {"uv": [7, 7.25, 7.5, 7.5], "texture": "#0"},
				"up": {"uv": [7, 1, 6.5, 0.5], "texture": "#0"},
				"down": {"uv": [7, 1, 6.5, 1.5], "texture": "#0"}
			}
		},
		{
			"name": "flat",
			"from": [7.002, 13.55375, -5.4291],
			"to": [8.998, 14.05375, -3.2291],
			"rotation": {"angle": -45, "axis": "x", "origin": [8, 14.05375, 13.7709]},
			"faces": {
				"north": {"uv": [7.5, 0, 8, 0.25], "texture": "#0"},
				"east": {"uv": [7.5, 0.25, 8, 0.5], "texture": "#0"},
				"south": {"uv": [7.5, 0.5, 8, 0.75], "texture": "#0"},
				"west": {"uv": [7.5, 0.75, 8, 1], "texture": "#0"},
				"up": {"uv": [2, 7, 1.5, 6.5], "texture": "#0"},
				"down": {"uv": [2.5, 6.5, 2, 7], "texture": "#0"}
			}
		},
		{
			"name": "base",
			"from": [11.002, 8.8557, -3.66734],
			"to": [11.698, 9.5517, 18.96066],
			"rotation": {"angle": -45, "axis": "x", "origin": [11.5, 9.35375, 7.64666]},
			"faces": {
				"north": {"uv": [6, 7.5, 6.25, 7.75], "texture": "#0"},
				"east": {"uv": [3.5, 2.5, 9.25, 2.75], "texture": "#0"},
				"south": {"uv": [7.5, 6, 7.75, 6.25], "texture": "#0"},
				"west": {"uv": [3.5, 2.75, 9.25, 3], "texture": "#0"},
				"up": {"uv": [0.75, 9.25, 0.5, 3.5], "texture": "#0"},
				"down": {"uv": [1, 3.5, 0.75, 9.25], "texture": "#0"}
			}
		},
		{
			"name": "base_extension",
			"from": [11.004, 17.30307, 15.41942],
			"to": [11.696, 17.62707, 15.70692],
			"rotation": {"angle": -45, "axis": "x", "origin": [11.5, 17.66707, 15.62622]},
			"faces": {
				"north": {"uv": [6.25, 7.5, 6.5, 7.75], "texture": "#0"},
				"east": {"uv": [7.5, 6.25, 7.75, 6.5], "texture": "#0"},
				"south": {"uv": [6.5, 7.5, 6.75, 7.75], "texture": "#0"},
				"west": {"uv": [7.5, 6.5, 7.75, 6.75], "texture": "#0"},
				"up": {"uv": [7, 7.75, 6.75, 7.5], "texture": "#0"},
				"down": {"uv": [7.75, 6.75, 7.5, 7], "texture": "#0"}
			}
		},
		{
			"name": "base_flat",
			"from": [11.006, 17.006, 15.7074],
			"to": [11.694, 17.694, 16],
			"rotation": {"angle": 0, "axis": "x", "origin": [11.5, 17.5, 15.793]},
			"faces": {
				"north": {"uv": [7, 7.5, 7.25, 7.75], "texture": "#0"},
				"east": {"uv": [7.5, 7, 7.75, 7.25], "texture": "#0"},
				"south": {"uv": [7.25, 7.5, 7.5, 7.75], "texture": "#0"},
				"west": {"uv": [7.5, 7.25, 7.75, 7.5], "texture": "#0"},
				"up": {"uv": [7.75, 7.75, 7.5, 7.5], "texture": "#0"},
				"down": {"uv": [8, 1, 7.75, 1.25], "texture": "#0"}
			}
		},
		{
			"name": "base",
			"from": [4.302, 8.8557, -3.66734],
			"to": [4.998, 9.5517, 18.96066],
			"rotation": {"angle": -45, "axis": "x", "origin": [4.8, 9.35375, 7.64666]},
			"faces": {
				"north": {"uv": [7.75, 1.25, 8, 1.5], "texture": "#0"},
				"east": {"uv": [3.5, 3, 9.25, 3.25], "texture": "#0"},
				"south": {"uv": [1.5, 7.75, 1.75, 8], "texture": "#0"},
				"west": {"uv": [3.5, 3.25, 9.25, 3.5], "texture": "#0"},
				"up": {"uv": [1.25, 9.25, 1, 3.5], "texture": "#0"},
				"down": {"uv": [1.5, 3.5, 1.25, 9.25], "texture": "#0"}
			}
		},
		{
			"name": "base_extension",
			"from": [4.304, 17.30307, 15.41942],
			"to": [4.996, 17.62707, 15.70692],
			"rotation": {"angle": -45, "axis": "x", "origin": [4.8, 17.66707, 15.62622]},
			"faces": {
				"north": {"uv": [1.75, 7.75, 2, 8], "texture": "#0"},
				"east": {"uv": [2, 7.75, 2.25, 8], "texture": "#0"},
				"south": {"uv": [2.25, 7.75, 2.5, 8], "texture": "#0"},
				"west": {"uv": [2.5, 7.75, 2.75, 8], "texture": "#0"},
				"up": {"uv": [3, 8, 2.75, 7.75], "texture": "#0"},
				"down": {"uv": [3.25, 7.75, 3, 8], "texture": "#0"}
			}
		},
		{
			"name": "base_flat",
			"from": [4.306, 17.006, 15.7074],
			"to": [4.994, 17.694, 16],
			"rotation": {"angle": 0, "axis": "x", "origin": [4.8, 17.5, 15.793]},
			"faces": {
				"north": {"uv": [3.25, 7.75, 3.5, 8], "texture": "#0"},
				"east": {"uv": [3.5, 7.75, 3.75, 8], "texture": "#0"},
				"south": {"uv": [7.75, 3.5, 8, 3.75], "texture": "#0"},
				"west": {"uv": [3.75, 7.75, 4, 8], "texture": "#0"},
				"up": {"uv": [8, 4, 7.75, 3.75], "texture": "#0"},
				"down": {"uv": [4.25, 7.75, 4, 8], "texture": "#0"}
			}
		}
	],
	"groups": [
		{
			"name": "rail_left",
			"origin": [8, 8, 8],
			"color": 0,
			"children": [0, 1, 2]
		},
		{
			"name": "rail_right",
			"origin": [8, 8, 8],
			"color": 0,
			"children": [3, 4, 5]
		},
		{
			"name": "steps",
			"origin": [8, 8, 8],
			"color": 0,
			"children": [6, 7, 8, 9, 10]
		},
		{
			"name": "redstone",
			"origin": [8, 8, 8],
			"color": 0,
			"children": [11, 12, 13, 14, 15, 16, 17, 18, 19, 20, 21, 22, 23, 24, 25, 26]
		},
		{
			"name": "powered_rail_left",
			"origin": [8, 8, 8],
			"color": 0,
			"children": [27, 28, 29]
		},
		{
			"name": "powered_rail_right",
			"origin": [8, 8, 8],
			"color": 0,
			"children": [30, 31, 32]
		}
	]
}