{
	"credit": "Made with Blockbench, by xR4YM0ND",
	"texture_size": [64, 64],
	"textures": {
		"0": "thermal:block/rays_lumium_rail_raised_ne",
		"particle": "thermal:block/rays_lumium_rail_raised_ne"
	},
	"elements": [
		{
			"from": [3.002, 17.002, 0],
			"to": [3.998, 17.998, 22.628],
			"rotation": {"angle": 45, "axis": "x", "origin": [3, 17, 0]},
			"faces": {
				"north": {"uv": [0.5, 4, 0.75, 4.25], "texture": "#0"},
				"east": {"uv": [3, 1.5, 8.75, 1.75], "texture": "#0"},
				"south": {"uv": [0.75, 4, 1, 4.25], "texture": "#0"},
				"west": {"uv": [3, 1.75, 8.75, 2], "texture": "#0"},
				"up": {"uv": [3.25, 7.75, 3, 2], "texture": "#0"},
				"down": {"uv": [3.5, 2, 3.25, 7.75], "texture": "#0"}
			}
		},
		{
			"from": [3.004, 17.2594, -0.077],
			"to": [3.996, 17.7854, 0.3366],
			"rotation": {"angle": 45, "axis": "x", "origin": [3.5, 17.3, 0.425]},
			"faces": {
				"north": {"uv": [1, 4, 1.25, 4.25], "texture": "#0"},
				"east": {"uv": [1.25, 4, 1.5, 4.25], "texture": "#0"},
				"south": {"uv": [1.5, 4, 1.75, 4.25], "texture": "#0"},
				"west": {"uv": [1.75, 4, 2, 4.25], "texture": "#0"},
				"up": {"uv": [2.25, 4.25, 2, 4], "texture": "#0"},
				"down": {"uv": [2.5, 4, 2.25, 4.25], "texture": "#0"}
			}
		},
		{
			"from": [3.006, 17.006, 0],
			"to": [3.994, 17.994, 0.414],
			"rotation": {"angle": 0, "axis": "y", "origin": [3, 17, 0]},
			"faces": {
				"north": {"uv": [2.5, 4, 2.75, 4.25], "texture": "#0"},
				"east": {"uv": [2.75, 4, 3, 4.25], "texture": "#0"},
				"south": {"uv": [0.5, 4.25, 0.75, 4.5], "texture": "#0"},
				"west": {"uv": [0.75, 4.25, 1, 4.5], "texture": "#0"},
				"up": {"uv": [1.25, 4.5, 1, 4.25], "texture": "#0"},
				"down": {"uv": [1.5, 4.25, 1.25, 4.5], "texture": "#0"}
			}
		},
		{
			"from": [12.002, 17.002, 0],
			"to": [12.998, 17.998, 22.628],
			"rotation": {"angle": 45, "axis": "x", "origin": [12, 17, 0]},
			"faces": {
				"north": {"uv": [1.5, 4.25, 1.75, 4.5], "texture": "#0"},
				"east": {"uv": [3.5, 2, 9.25, 2.25], "texture": "#0"},
				"south": {"uv": [1.75, 4.25, 2, 4.5], "texture": "#0"},
				"west": {"uv": [3.5, 2.25, 9.25, 2.5], "texture": "#0"},
				"up": {"uv": [0.25, 9.25, 0, 3.5], "texture": "#0"},
				"down": {"uv": [0.5, 3.5, 0.25, 9.25], "texture": "#0"}
			}
		},
		{
			"from": [12.004, 17.2594, -0.077],
			"to": [12.996, 17.7854, 0.3366],
			"rotation": {"angle": 45, "axis": "x", "origin": [12.5, 17.3, 0.425]},
			"faces": {
				"north": {"uv": [2, 4.25, 2.25, 4.5], "texture": "#0"},
				"east": {"uv": [2.25, 4.25, 2.5, 4.5], "texture": "#0"},
				"south": {"uv": [2.5, 4.25, 2.75, 4.5], "texture": "#0"},
				"west": {"uv": [2.75, 4.25, 3, 4.5], "texture": "#0"},
				"up": {"uv": [0.75, 4.75, 0.5, 4.5], "texture": "#0"},
				"down": {"uv": [1, 4.5, 0.75, 4.75], "texture": "#0"}
			}
		},
		{
			"from": [12.006, 17.006, 0],
			"to": [12.994, 17.994, 0.414],
			"rotation": {"angle": 0, "axis": "y", "origin": [12, 17, 0]},
			"faces": {
				"north": {"uv": [1, 4.5, 1.25, 4.75], "texture": "#0"},
				"east": {"uv": [1.25, 4.5, 1.5, 4.75], "texture": "#0"},
				"south": {"uv": [1.5, 4.5, 1.75, 4.75], "texture": "#0"},
				"west": {"uv": [1.75, 4.5, 2, 4.75], "texture": "#0"},
				"up": {"uv": [2.25, 4.75, 2, 4.5], "texture": "#0"},
				"down": {"uv": [2.5, 4.5, 2.25, 4.75], "texture": "#0"}
			}
		},
		{
			"from": [2, 1.69004, 13.0249],
			"to": [14, 3.69004, 14.0249],
			"rotation": {"angle": -45, "axis": "x", "origin": [8, 2.74004, 13.4572]},
			"faces": {
				"north": {"uv": [0, 0, 3, 0.5], "texture": "#0"},
				"east": {"uv": [0.5, 3.5, 0.75, 4], "texture": "#0"},
				"south": {"uv": [0, 0.5, 3, 1], "texture": "#0"},
				"west": {"uv": [0.75, 3.5, 1, 4], "texture": "#0"},
				"up": {"uv": [6.5, 2.75, 3.5, 2.5], "texture": "#0"},
				"down": {"uv": [6.5, 2.75, 3.5, 3], "texture": "#0"}
			}
		},
		{
			"from": [2, 5.69004, 13.0249],
			"to": [14, 7.69004, 14.0249],
			"rotation": {"angle": -45, "axis": "x", "origin": [8, 2.74004, 13.4572]},
			"faces": {
				"north": {"uv": [0, 1, 3, 1.5], "texture": "#0"},
				"east": {"uv": [1, 3.5, 1.25, 4], "texture": "#0"},
				"south": {"uv": [0, 1.5, 3, 2], "texture": "#0"},
				"west": {"uv": [1.25, 3.5, 1.5, 4], "texture": "#0"},
				"up": {"uv": [6.5, 3.25, 3.5, 3], "texture": "#0"},
				"down": {"uv": [6.5, 3.25, 3.5, 3.5], "texture": "#0"}
			}
		},
		{
			"from": [2, 9.69004, 13.0249],
			"to": [14, 11.69004, 14.0249],
			"rotation": {"angle": -45, "axis": "x", "origin": [8, 2.74004, 13.4572]},
			"faces": {
				"north": {"uv": [0, 2, 3, 2.5], "texture": "#0"},
				"east": {"uv": [1.5, 3.5, 1.75, 4], "texture": "#0"},
				"south": {"uv": [0, 2.5, 3, 3], "texture": "#0"},
				"west": {"uv": [1.75, 3.5, 2, 4], "texture": "#0"},
				"up": {"uv": [6.5, 3.75, 3.5, 3.5], "texture": "#0"},
				"down": {"uv": [6.5, 3.75, 3.5, 4], "texture": "#0"}
			}
		},
		{
			"from": [2, 13.69004, 13.0249],
			"to": [14, 15.69004, 14.0249],
			"rotation": {"angle": -45, "axis": "x", "origin": [8, 2.74004, 13.4572]},
			"faces": {
				"north": {"uv": [0, 3, 3, 3.5], "texture": "#0"},
				"east": {"uv": [2, 3.5, 2.25, 4], "texture": "#0"},
				"south": {"uv": [3, 0, 6, 0.5], "texture": "#0"},
				"west": {"uv": [2.25, 3.5, 2.5, 4], "texture": "#0"},
				"up": {"uv": [6.5, 4.25, 3.5, 4], "texture": "#0"},
				"down": {"uv": [6.5, 4.25, 3.5, 4.5], "texture": "#0"}
			}
		},
		{
			"from": [2, 17.69004, 13.0249],
			"to": [14, 19.69004, 14.0249],
			"rotation": {"angle": -45, "axis": "x", "origin": [8, 2.74004, 13.4572]},
			"faces": {
				"north": {"uv": [3, 0.5, 6, 1], "texture": "#0"},
				"east": {"uv": [2.5, 3.5, 2.75, 4], "texture": "#0"},
				"south": {"uv": [3, 1, 6, 1.5], "texture": "#0"},
				"west": {"uv": [2.75, 3.5, 3, 4], "texture": "#0"},
				"up": {"uv": [6.5, 4.75, 3.5, 4.5], "texture": "#0"},
				"down": {"uv": [6.5, 4.75, 3.5, 5], "texture": "#0"}
			}
		}
	],
	"groups": [
		{
			"name": "rail_left",
			"origin": [8, 8, 8],
			"color": 0,
			"children": [0, 1, 2]
		},
		{
			"name": "rail_right",
			"origin": [8, 8, 8],
			"color": 0,
			"children": [3, 4, 5]
		},
		{
			"name": "steps",
			"origin": [8, 8, 8],
			"color": 0,
			"children": [6, 7, 8, 9, 10]
		}
	]
}