{
	"credit": "Made with Blockbench",
	"ambientocclusion": false,
	"textures": {
		"0": "block/ladder",
		"particle": "block/ladder"
	},
	"elements": [
		{
			"name": "Plank1",
			"from": [0.9, 12.4, 14.4],
			"to": [15.1, 15.6, 15.6],
			"shade": false,
			"rotation": {"angle": 0, "axis": "y", "origin": [8, 8, 7]},
			"faces": {
				"north": {"uv": [0, 0.5, 14, 3.5], "texture": "#0"},
				"east": {"uv": [15, 1, 14, 4], "texture": "#0"},
				"south": {"uv": [0, 0.5, 14, 3.5], "texture": "#0"},
				"west": {"uv": [14, 1, 15, 4], "texture": "#0"},
				"up": {"uv": [0, 2.5, 14, 3.5], "texture": "#0"},
				"down": {"uv": [0, 2.5, 14, 3.5], "rotation": 180, "texture": "#0"}
			}
		},
		{
			"name": "Plank2",
			"from": [0.9, 8.4, 14.4],
			"to": [15.1, 11.6, 15.6],
			"shade": false,
			"rotation": {"angle": 0, "axis": "y", "origin": [8, 8, 7]},
			"faces": {
				"north": {"uv": [0, 4.5, 14, 7.5], "texture": "#0"},
				"east": {"uv": [15, 5, 14, 8], "texture": "#0"},
				"south": {"uv": [0, 4.5, 14, 7.5], "texture": "#0"},
				"west": {"uv": [14, 5, 15, 8], "texture": "#0"},
				"up": {"uv": [0, 6.5, 14, 7.5], "texture": "#0"},
				"down": {"uv": [0, 6.5, 14, 7.5], "rotation": 180, "texture": "#0"}
			}
		},
		{
			"name": "Plank3",
			"from": [0.9, 4.4, 14.4],
			"to": [15.1, 7.6, 15.6],
			"shade": false,
			"rotation": {"angle": 0, "axis": "y", "origin": [8, 8, 7]},
			"faces": {
				"north": {"uv": [0, 8.5, 14, 11.5], "texture": "#0"},
				"east": {"uv": [15, 9, 14, 12], "texture": "#0"},
				"south": {"uv": [0, 8.5, 14, 11.5], "texture": "#0"},
				"west": {"uv": [14, 9, 15, 12], "texture": "#0"},
				"up": {"uv": [0, 10.5, 14, 11.5], "texture": "#0"},
				"down": {"uv": [0, 10.5, 14, 11.5], "rotation": 180, "texture": "#0"}
			}
		},
		{
			"name": "Plank4",
			"from": [0.9, 0.4, 14.4],
			"to": [15.1, 3.6, 15.6],
			"shade": false,
			"rotation": {"angle": 0, "axis": "y", "origin": [8, 8, 7]},
			"faces": {
				"north": {"uv": [0, 12.5, 14, 15.5], "texture": "#0"},
				"east": {"uv": [15, 13, 14, 16], "texture": "#0"},
				"south": {"uv": [0, 12.5, 14, 15.5], "texture": "#0"},
				"west": {"uv": [14, 13, 15, 16], "texture": "#0"},
				"up": {"uv": [0, 14.5, 14, 15.5], "texture": "#0"},
				"down": {"uv": [0, 14.5, 14, 15.5], "rotation": 180, "texture": "#0"}
			}
		},
		{
			"name": "base1",
			"from": [1.75, 0, 15],
			"to": [3.75, 16, 16],
			"shade": false,
			"faces": {
				"north": {"uv": [10, 0, 12, 16], "texture": "#0"},
				"east": {"uv": [16, 0, 15, 16], "texture": "#0"},
				"south": {"uv": [0, 1, 14.5, 3], "rotation": 270, "texture": "#0"},
				"west": {"uv": [14, 0, 15, 16], "texture": "#0"},
				"up": {"uv": [2, 3.5, 4, 4.5], "texture": "#0"},
				"down": {"uv": [10, 11.5, 12, 12.5], "rotation": 180, "texture": "#0"}
			}
		},
		{
			"name": "base2",
			"from": [12.25, 0, 15],
			"to": [14.25, 16, 16],
			"shade": false,
			"faces": {
				"north": {"uv": [2, 0, 4, 16], "texture": "#0"},
				"east": {"uv": [15, 0, 14, 16], "texture": "#0"},
				"south": {"uv": [0, 5, 14.5, 7], "rotation": 270, "texture": "#0"},
				"west": {"uv": [15, 0, 16, 16], "texture": "#0"},
				"up": {"uv": [10, 11.5, 12, 12.5], "texture": "#0"},
				"down": {"uv": [10, 3.5, 12, 4.5], "rotation": 180, "texture": "#0"}
			}
		}
	]
}