{
	"credit": "Made with Blockbench",
	"texture_size": [32, 32],
	"textures": {
		"2": "moreminecarts:block/rays_lightspeed_powered_rail_off",
		"particle": "moreminecarts:block/rays_lightspeed_powered_rail_off"
	},
	"elements": [
		{
			"from": [12, 1, 0],
			"to": [13, 2, 16],
			"faces": {
				"north": {"uv": [8, 8, 8.5, 8.5], "texture": "#2"},
				"east": {"uv": [0, 4, 8, 4.5], "texture": "#2"},
				"south": {"uv": [6, 8.5, 6.5, 9], "texture": "#2"},
				"west": {"uv": [0, 4.5, 8, 5], "texture": "#2"},
				"up": {"uv": [0.5, 13, 0, 5], "texture": "#2"},
				"down": {"uv": [1, 5, 0.5, 13], "texture": "#2"}
			}
		},
		{
			"from": [3, 1, 0],
			"to": [4, 2, 16],
			"faces": {
				"north": {"uv": [6.5, 8.5, 7, 9], "texture": "#2"},
				"east": {"uv": [1, 5, 9, 5.5], "texture": "#2"},
				"south": {"uv": [7, 8.5, 7.5, 9], "texture": "#2"},
				"west": {"uv": [1, 5.5, 9, 6], "texture": "#2"},
				"up": {"uv": [1.5, 14, 1, 6], "texture": "#2"},
				"down": {"uv": [2, 6, 1.5, 14], "texture": "#2"}
			}
		},
		{
			"from": [2, 0, 3],
			"to": [14, 1, 5],
			"faces": {
				"north": {"uv": [6, 6, 12, 6.5], "texture": "#2"},
				"east": {"uv": [8, 4, 9, 4.5], "texture": "#2"},
				"south": {"uv": [6, 6.5, 12, 7], "texture": "#2"},
				"west": {"uv": [8, 4.5, 9, 5], "texture": "#2"},
				"up": {"uv": [6, 1, 0, 0], "texture": "#2"},
				"down": {"uv": [6, 1, 0, 2], "texture": "#2"}
			}
		},
		{
			"from": [2, 0, 11],
			"to": [14, 1, 13],
			"faces": {
				"north": {"uv": [6, 7, 12, 7.5], "texture": "#2"},
				"east": {"uv": [6, 8, 7, 8.5], "texture": "#2"},
				"south": {"uv": [6, 7.5, 12, 8], "texture": "#2"},
				"west": {"uv": [7, 8, 8, 8.5], "texture": "#2"},
				"up": {"uv": [6, 3, 0, 2], "texture": "#2"},
				"down": {"uv": [6, 3, 0, 4], "texture": "#2"}
			}
		},
		{
			"from": [2, 1, 0],
			"to": [2.7, 1.7, 16],
			"faces": {
				"north": {"uv": [7.5, 8.5, 8, 9], "texture": "#2"},
				"east": {"uv": [6, 0, 14, 0.5], "texture": "#2"},
				"south": {"uv": [8, 8.5, 8.5, 9], "texture": "#2"},
				"west": {"uv": [6, 0.5, 14, 1], "texture": "#2"},
				"up": {"uv": [2.5, 14, 2, 6], "texture": "#2"},
				"down": {"uv": [3, 6, 2.5, 14], "texture": "#2"}
			}
		},
		{
			"from": [11, 1, 0],
			"to": [11.7, 1.7, 16],
			"faces": {
				"north": {"uv": [9, 5, 9.5, 5.5], "texture": "#2"},
				"east": {"uv": [6, 3, 14, 3.5], "texture": "#2"},
				"south": {"uv": [9, 5.5, 9.5, 6], "texture": "#2"},
				"west": {"uv": [6, 3.5, 14, 4], "texture": "#2"},
				"up": {"uv": [5.5, 14, 5, 6], "texture": "#2"},
				"down": {"uv": [6, 6, 5.5, 14], "texture": "#2"}
			}
		},
		{
			"from": [4.3, 1, 0],
			"to": [5, 1.7, 16],
			"faces": {
				"north": {"uv": [8.5, 8, 9, 8.5], "texture": "#2"},
				"east": {"uv": [6, 1, 14, 1.5], "texture": "#2"},
				"south": {"uv": [8.5, 8.5, 9, 9], "texture": "#2"},
				"west": {"uv": [6, 1.5, 14, 2], "texture": "#2"},
				"up": {"uv": [3.5, 14, 3, 6], "texture": "#2"},
				"down": {"uv": [4, 6, 3.5, 14], "texture": "#2"}
			}
		},
		{
			"from": [13.3, 1, 0],
			"to": [14, 1.7, 16],
			"faces": {
				"north": {"uv": [9, 4, 9.5, 4.5], "texture": "#2"},
				"east": {"uv": [6, 2, 14, 2.5], "texture": "#2"},
				"south": {"uv": [9, 4.5, 9.5, 5], "texture": "#2"},
				"west": {"uv": [6, 2.5, 14, 3], "texture": "#2"},
				"up": {"uv": [4.5, 14, 4, 6], "texture": "#2"},
				"down": {"uv": [5, 6, 4.5, 14], "texture": "#2"}
			}
		}
	],
	"gui_light": "front",
	"display": {
		"thirdperson_righthand": {
			"rotation": [90, 0, 0],
			"translation": [0, 2.25, 4.5],
			"scale": [0.6, 0.6, 0.6]
		},
		"thirdperson_lefthand": {
			"rotation": [90, 0, 0],
			"translation": [0, 2.25, 4.5],
			"scale": [0.6, 0.6, 0.6]
		},
		"firstperson_righthand": {
			"rotation": [50, 0, 75],
			"translation": [3, 0.5, -6]
		},
		"firstperson_lefthand": {
			"rotation": [50, 0, 75],
			"translation": [3, 0.5, -6]
		},
		"ground": {
			"translation": [0, 2.5, 0],
			"scale": [0.5, 0.5, 0.5]
		},
		"gui": {
			"rotation": [90, 0, 0]
		},
		"head": {
			"rotation": [90, 0, 0],
			"translation": [0, 0, 14.5]
		},
		"fixed": {
			"rotation": [-90, 0, 0],
			"translation": [0, 0, -8]
		}
	},
	"groups": [
		{
			"name": "rail",
			"origin": [8, 8, 8],
			"color": 0,
			"children": [0, 1]
		},
		{
			"name": "steps",
			"origin": [8, 8, 8],
			"color": 0,
			"children": [2, 3]
		},
		{
			"name": "extras",
			"origin": [8, 8, 8],
			"color": 0,
			"children": [4, 5, 6, 7]
		}
	]
}