{
	"credit": "Made with Blockbench, by xR4YM0ND",
	"texture_size": [64, 64],
	"textures": {
		"2": "moreminecarts:block/rays_locking_powered_rail_on",
		"particle": "moreminecarts:block/rays_locking_powered_rail_on"
	},
	"elements": [
		{
			"from": [2.996, 1, 0],
			"to": [4.004, 2, 16],
			"faces": {
				"north": {"uv": [3.5, 7, 3.75, 7.25], "texture": "#2"},
				"east": {"uv": [3, 0.5, 7, 0.75], "texture": "#2"},
				"south": {"uv": [5.5, 7, 5.75, 7.25], "texture": "#2"},
				"west": {"uv": [3, 0.75, 7, 1], "texture": "#2"},
				"up": {"uv": [3.25, 5, 3, 1], "texture": "#2"},
				"down": {"uv": [3.5, 1, 3.25, 5], "texture": "#2"}
			}
		},
		{
			"from": [11.996, 1, 0],
			"to": [13.004, 2, 16],
			"faces": {
				"north": {"uv": [5.75, 7.25, 6, 7.5], "texture": "#2"},
				"east": {"uv": [3.5, 1, 7.5, 1.25], "texture": "#2"},
				"south": {"uv": [1.5, 7.75, 1.75, 8], "texture": "#2"},
				"west": {"uv": [3.5, 1.25, 7.5, 1.5], "texture": "#2"},
				"up": {"uv": [0.25, 7.5, 0, 3.5], "texture": "#2"},
				"down": {"uv": [0.5, 3.5, 0.25, 7.5], "texture": "#2"}
			}
		},
		{
			"from": [2, 0, 1],
			"to": [14, 1, 3],
			"faces": {
				"north": {"uv": [3.5, 3.5, 6.5, 3.75], "texture": "#2"},
				"east": {"uv": [7, 0.5, 7.5, 0.75], "texture": "#2"},
				"south": {"uv": [3.5, 3.75, 6.5, 4], "texture": "#2"},
				"west": {"uv": [7, 0.75, 7.5, 1], "texture": "#2"},
				"up": {"uv": [3, 0.5, 0, 0], "texture": "#2"},
				"down": {"uv": [3, 0.5, 0, 1], "texture": "#2"}
			}
		},
		{
			"from": [2, 0, 5],
			"to": [14, 1, 7],
			"faces": {
				"north": {"uv": [3.5, 4, 6.5, 4.25], "texture": "#2"},
				"east": {"uv": [7, 3.75, 7.5, 4], "texture": "#2"},
				"south": {"uv": [3.5, 4.25, 6.5, 4.5], "texture": "#2"},
				"west": {"uv": [7, 4, 7.5, 4.25], "texture": "#2"},
				"up": {"uv": [3, 1.5, 0, 1], "texture": "#2"},
				"down": {"uv": [3, 1.5, 0, 2], "texture": "#2"}
			}
		},
		{
			"from": [2, 0, 9],
			"to": [14, 1, 11],
			"faces": {
				"north": {"uv": [3.5, 4.5, 6.5, 4.75], "texture": "#2"},
				"east": {"uv": [7, 4.25, 7.5, 4.5], "texture": "#2"},
				"south": {"uv": [3.5, 4.75, 6.5, 5], "texture": "#2"},
				"west": {"uv": [5, 7, 5.5, 7.25], "texture": "#2"},
				"up": {"uv": [3, 2.5, 0, 2], "texture": "#2"},
				"down": {"uv": [3, 2.5, 0, 3], "texture": "#2"}
			}
		},
		{
			"from": [2, 0, 13],
			"to": [14, 1, 15],
			"faces": {
				"north": {"uv": [2.5, 5, 5.5, 5.25], "texture": "#2"},
				"east": {"uv": [7, 5.75, 7.5, 6], "texture": "#2"},
				"south": {"uv": [2.5, 5.25, 5.5, 5.5], "texture": "#2"},
				"west": {"uv": [7, 6, 7.5, 6.25], "texture": "#2"},
				"up": {"uv": [3, 3.5, 0, 3], "texture": "#2"},
				"down": {"uv": [6, 0, 3, 0.5], "texture": "#2"}
			}
		},
		{
			"name": "flat",
			"from": [7, 0, 3],
			"to": [9, 0.5, 5],
			"faces": {
				"north": {"uv": [6.25, 7, 6.75, 7.25], "texture": "#2"},
				"east": {"uv": [7, 6.25, 7.5, 6.5], "texture": "#2"},
				"south": {"uv": [6.75, 7, 7.25, 7.25], "texture": "#2"},
				"west": {"uv": [7, 6.75, 7.5, 7], "texture": "#2"},
				"up": {"uv": [3, 4, 2.5, 3.5], "texture": "#2"},
				"down": {"uv": [3, 4, 2.5, 4.5], "texture": "#2"}
			}
		},
		{
			"name": "flat",
			"from": [7, 0, 7],
			"to": [9, 0.5, 9],
			"faces": {
				"north": {"uv": [7.25, 0, 7.75, 0.25], "texture": "#2"},
				"east": {"uv": [7.25, 0.25, 7.75, 0.5], "texture": "#2"},
				"south": {"uv": [2.5, 7.25, 3, 7.5], "texture": "#2"},
				"west": {"uv": [3.5, 7.25, 4, 7.5], "texture": "#2"},
				"up": {"uv": [3, 5, 2.5, 4.5], "texture": "#2"},
				"down": {"uv": [3, 5.5, 2.5, 6], "texture": "#2"}
			}
		},
		{
			"name": "flat",
			"from": [7, 0, 11],
			"to": [9, 0.5, 13],
			"faces": {
				"north": {"uv": [7.25, 3.5, 7.75, 3.75], "texture": "#2"},
				"east": {"uv": [7.25, 4.5, 7.75, 4.75], "texture": "#2"},
				"south": {"uv": [4.75, 7.25, 5.25, 7.5], "texture": "#2"},
				"west": {"uv": [5.25, 7.25, 5.75, 7.5], "texture": "#2"},
				"up": {"uv": [3.5, 6, 3, 5.5], "texture": "#2"},
				"down": {"uv": [4, 5.5, 3.5, 6], "texture": "#2"}
			}
		},
		{
			"name": "flat",
			"from": [7, 0, 15],
			"to": [9, 0.5, 15.8],
			"faces": {
				"north": {"uv": [7.25, 5.5, 7.75, 5.75], "texture": "#2"},
				"east": {"uv": [1.75, 7.75, 2, 8], "texture": "#2"},
				"south": {"uv": [6.25, 7.25, 6.75, 7.5], "texture": "#2"},
				"west": {"uv": [2, 7.75, 2.25, 8], "texture": "#2"},
				"up": {"uv": [7.25, 7.5, 6.75, 7.25], "texture": "#2"},
				"down": {"uv": [7.75, 7, 7.25, 7.25], "texture": "#2"}
			}
		},
		{
			"name": "flat",
			"from": [7, 0, 15.8],
			"to": [9, 0.3, 16],
			"faces": {
				"north": {"uv": [7.25, 7.25, 7.75, 7.5], "texture": "#2"},
				"east": {"uv": [2.25, 7.75, 2.5, 8], "texture": "#2"},
				"south": {"uv": [0, 7.5, 0.5, 7.75], "texture": "#2"},
				"west": {"uv": [2.5, 7.75, 2.75, 8], "texture": "#2"},
				"up": {"uv": [1, 7.75, 0.5, 7.5], "texture": "#2"},
				"down": {"uv": [8, 0.5, 7.5, 0.75], "texture": "#2"}
			}
		},
		{
			"name": "flat",
			"from": [7, 0, 0.2],
			"to": [9, 0.5, 1],
			"faces": {
				"north": {"uv": [7.5, 0.75, 8, 1], "texture": "#2"},
				"east": {"uv": [2.75, 7.75, 3, 8], "texture": "#2"},
				"south": {"uv": [1, 7.5, 1.5, 7.75], "texture": "#2"},
				"west": {"uv": [3, 7.75, 3.25, 8], "texture": "#2"},
				"up": {"uv": [8, 1.25, 7.5, 1], "texture": "#2"},
				"down": {"uv": [8, 1.25, 7.5, 1.5], "texture": "#2"}
			}
		},
		{
			"name": "flat",
			"from": [7, 0, 0],
			"to": [9, 0.3, 0.2],
			"faces": {
				"north": {"uv": [1.5, 7.5, 2, 7.75], "texture": "#2"},
				"east": {"uv": [3.25, 7.75, 3.5, 8], "texture": "#2"},
				"south": {"uv": [7.5, 1.5, 8, 1.75], "texture": "#2"},
				"west": {"uv": [3.5, 7.75, 3.75, 8], "texture": "#2"},
				"up": {"uv": [8, 2, 7.5, 1.75], "texture": "#2"},
				"down": {"uv": [2.5, 7.5, 2, 7.75], "texture": "#2"}
			}
		},
		{
			"name": "over",
			"from": [4, 1, 1],
			"to": [6, 1.1, 3],
			"faces": {
				"north": {"uv": [7.5, 2, 8, 2.25], "texture": "#2"},
				"east": {"uv": [7.5, 2.25, 8, 2.5], "texture": "#2"},
				"south": {"uv": [2.5, 7.5, 3, 7.75], "texture": "#2"},
				"west": {"uv": [7.5, 2.5, 8, 2.75], "texture": "#2"},
				"up": {"uv": [4.5, 6, 4, 5.5], "texture": "#2"},
				"down": {"uv": [5, 5.5, 4.5, 6], "texture": "#2"}
			}
		},
		{
			"name": "over",
			"from": [4, 1, 5],
			"to": [6, 1.1, 7],
			"faces": {
				"north": {"uv": [7.5, 2.75, 8, 3], "texture": "#2"},
				"east": {"uv": [7.5, 3, 8, 3.25], "texture": "#2"},
				"south": {"uv": [7.5, 3.25, 8, 3.5], "texture": "#2"},
				"west": {"uv": [3.5, 7.5, 4, 7.75], "texture": "#2"},
				"up": {"uv": [5.5, 6, 5, 5.5], "texture": "#2"},
				"down": {"uv": [6, 5, 5.5, 5.5], "texture": "#2"}
			}
		},
		{
			"name": "over",
			"from": [4, 1, 9],
			"to": [6, 1.1, 11],
			"faces": {
				"north": {"uv": [7.5, 3.75, 8, 4], "texture": "#2"},
				"east": {"uv": [4, 7.5, 4.5, 7.75], "texture": "#2"},
				"south": {"uv": [7.5, 4, 8, 4.25], "texture": "#2"},
				"west": {"uv": [7.5, 4.25, 8, 4.5], "texture": "#2"},
				"up": {"uv": [6, 6, 5.5, 5.5], "texture": "#2"},
				"down": {"uv": [6.5, 0, 6, 0.5], "texture": "#2"}
			}
		},
		{
			"name": "over",
			"from": [4, 1, 13],
			"to": [6, 1.1, 15],
			"faces": {
				"north": {"uv": [4.5, 7.5, 5, 7.75], "texture": "#2"},
				"east": {"uv": [7.5, 4.75, 8, 5], "texture": "#2"},
				"south": {"uv": [5, 7.5, 5.5, 7.75], "texture": "#2"},
				"west": {"uv": [7.5, 5, 8, 5.25], "texture": "#2"},
				"up": {"uv": [3, 6.5, 2.5, 6], "texture": "#2"},
				"down": {"uv": [3.5, 6, 3, 6.5], "texture": "#2"}
			}
		},
		{
			"name": "over",
			"from": [10, 1, 13],
			"to": [12, 1.1, 15],
			"faces": {
				"north": {"uv": [7.5, 5.25, 8, 5.5], "texture": "#2"},
				"east": {"uv": [5.5, 7.5, 6, 7.75], "texture": "#2"},
				"south": {"uv": [7.5, 5.75, 8, 6], "texture": "#2"},
				"west": {"uv": [6, 7.5, 6.5, 7.75], "texture": "#2"},
				"up": {"uv": [4, 6.5, 3.5, 6], "texture": "#2"},
				"down": {"uv": [4.5, 6, 4, 6.5], "texture": "#2"}
			}
		},
		{
			"name": "over",
			"from": [10, 1, 9],
			"to": [12, 1.1, 11],
			"faces": {
				"north": {"uv": [7.5, 6, 8, 6.25], "texture": "#2"},
				"east": {"uv": [7.5, 6.25, 8, 6.5], "texture": "#2"},
				"south": {"uv": [6.5, 7.5, 7, 7.75], "texture": "#2"},
				"west": {"uv": [7.5, 6.5, 8, 6.75], "texture": "#2"},
				"up": {"uv": [5, 6.5, 4.5, 6], "texture": "#2"},
				"down": {"uv": [5.5, 6, 5, 6.5], "texture": "#2"}
			}
		},
		{
			"name": "over",
			"from": [10, 1, 5],
			"to": [12, 1.1, 7],
			"faces": {
				"north": {"uv": [7.5, 6.75, 8, 7], "texture": "#2"},
				"east": {"uv": [7, 7.5, 7.5, 7.75], "texture": "#2"},
				"south": {"uv": [7.5, 7.5, 8, 7.75], "texture": "#2"},
				"west": {"uv": [0, 7.75, 0.5, 8], "texture": "#2"},
				"up": {"uv": [6.5, 5.5, 6, 5], "texture": "#2"},
				"down": {"uv": [6, 6, 5.5, 6.5], "texture": "#2"}
			}
		},
		{
			"name": "over",
			"from": [10, 1, 1],
			"to": [12, 1.1, 3],
			"faces": {
				"north": {"uv": [7.75, 0, 8.25, 0.25], "texture": "#2"},
				"east": {"uv": [7.75, 0.25, 8.25, 0.5], "texture": "#2"},
				"south": {"uv": [0.5, 7.75, 1, 8], "texture": "#2"},
				"west": {"uv": [1, 7.75, 1.5, 8], "texture": "#2"},
				"up": {"uv": [6.5, 6, 6, 5.5], "texture": "#2"},
				"down": {"uv": [6.5, 6, 6, 6.5], "texture": "#2"}
			}
		},
		{
			"from": [10.996, 1, 0],
			"to": [11.704, 1.7, 16],
			"faces": {
				"north": {"uv": [7.75, 3.5, 8, 3.75], "texture": "#2"},
				"east": {"uv": [3.5, 1.5, 7.5, 1.75], "texture": "#2"},
				"south": {"uv": [3.75, 7.75, 4, 8], "texture": "#2"},
				"west": {"uv": [3.5, 1.75, 7.5, 2], "texture": "#2"},
				"up": {"uv": [0.75, 7.5, 0.5, 3.5], "texture": "#2"},
				"down": {"uv": [1, 3.5, 0.75, 7.5], "texture": "#2"}
			}
		},
		{
			"from": [4.296, 1, 0],
			"to": [5.004, 1.7, 16],
			"faces": {
				"north": {"uv": [4, 7.75, 4.25, 8], "texture": "#2"},
				"east": {"uv": [3.5, 2, 7.5, 2.25], "texture": "#2"},
				"south": {"uv": [4.25, 7.75, 4.5, 8], "texture": "#2"},
				"west": {"uv": [3.5, 2.25, 7.5, 2.5], "texture": "#2"},
				"up": {"uv": [1.25, 7.5, 1, 3.5], "texture": "#2"},
				"down": {"uv": [1.5, 3.5, 1.25, 7.5], "texture": "#2"}
			}
		},
		{
			"from": [2.15, 0.15, 0],
			"to": [2.85, 0.85, 16],
			"faces": {
				"north": {"uv": [4.5, 7.75, 4.75, 8], "texture": "#2"},
				"east": {"uv": [3.5, 2.5, 7.5, 2.75], "texture": "#2"},
				"south": {"uv": [7.75, 4.5, 8, 4.75], "texture": "#2"},
				"west": {"uv": [3.5, 2.75, 7.5, 3], "texture": "#2"},
				"up": {"uv": [1.75, 7.5, 1.5, 3.5], "texture": "#2"},
				"down": {"uv": [2, 3.5, 1.75, 7.5], "texture": "#2"}
			}
		},
		{
			"from": [13.15, 0.15, 0],
			"to": [13.85, 0.85, 16],
			"faces": {
				"north": {"uv": [4.75, 7.75, 5, 8], "texture": "#2"},
				"east": {"uv": [3.5, 3, 7.5, 3.25], "texture": "#2"},
				"south": {"uv": [5, 7.75, 5.25, 8], "texture": "#2"},
				"west": {"uv": [3.5, 3.25, 7.5, 3.5], "texture": "#2"},
				"up": {"uv": [2.25, 7.5, 2, 3.5], "texture": "#2"},
				"down": {"uv": [2.5, 3.5, 2.25, 7.5], "texture": "#2"}
			}
		},
		{
			"from": [2.8, 1, 2],
			"to": [3, 2, 5],
			"faces": {
				"north": {"uv": [5.25, 7.75, 5.5, 8], "texture": "#2"},
				"east": {"uv": [6.5, 0, 7.25, 0.25], "texture": "#2"},
				"south": {"uv": [5.5, 7.75, 5.75, 8], "texture": "#2"},
				"west": {"uv": [6.5, 0.25, 7.25, 0.5], "texture": "#2"},
				"up": {"uv": [2.75, 7.25, 2.5, 6.5], "texture": "#2"},
				"down": {"uv": [3, 6.5, 2.75, 7.25], "texture": "#2"}
			}
		},
		{
			"from": [4, 1, 2],
			"to": [4.2, 2, 5],
			"faces": {
				"north": {"uv": [7.75, 5.5, 8, 5.75], "texture": "#2"},
				"east": {"uv": [3, 6.5, 3.75, 6.75], "texture": "#2"},
				"south": {"uv": [5.75, 7.75, 6, 8], "texture": "#2"},
				"west": {"uv": [6.5, 3.5, 7.25, 3.75], "texture": "#2"},
				"up": {"uv": [4, 7.25, 3.75, 6.5], "texture": "#2"},
				"down": {"uv": [6.75, 3.75, 6.5, 4.5], "texture": "#2"}
			}
		},
		{
			"from": [2.8, 2, 3],
			"to": [3, 3, 4],
			"faces": {
				"north": {"uv": [0.5, 8, 0.75, 8.25], "texture": "#2"},
				"east": {"uv": [8, 0.5, 8.25, 0.75], "texture": "#2"},
				"south": {"uv": [0.75, 8, 1, 8.25], "texture": "#2"},
				"west": {"uv": [8, 0.75, 8.25, 1], "texture": "#2"},
				"up": {"uv": [1.25, 8.25, 1, 8], "texture": "#2"},
				"down": {"uv": [8.25, 1, 8, 1.25], "texture": "#2"}
			}
		},
		{
			"from": [4, 2, 3],
			"to": [4.2, 3, 4],
			"faces": {
				"north": {"uv": [1.25, 8, 1.5, 8.25], "texture": "#2"},
				"east": {"uv": [8, 1.25, 8.25, 1.5], "texture": "#2"},
				"south": {"uv": [1.5, 8, 1.75, 8.25], "texture": "#2"},
				"west": {"uv": [8, 1.5, 8.25, 1.75], "texture": "#2"},
				"up": {"uv": [2, 8.25, 1.75, 8], "texture": "#2"},
				"down": {"uv": [8.25, 1.75, 8, 2], "texture": "#2"}
			}
		},
		{
			"from": [4, 1, 11],
			"to": [4.2, 2, 14],
			"faces": {
				"north": {"uv": [6, 7.75, 6.25, 8], "texture": "#2"},
				"east": {"uv": [4, 6.5, 4.75, 6.75], "texture": "#2"},
				"south": {"uv": [6.25, 7.75, 6.5, 8], "texture": "#2"},
				"west": {"uv": [6.5, 4.5, 7.25, 4.75], "texture": "#2"},
				"up": {"uv": [5, 7.25, 4.75, 6.5], "texture": "#2"},
				"down": {"uv": [6.75, 4.75, 6.5, 5.5], "texture": "#2"}
			}
		},
		{
			"from": [2.8, 1, 11],
			"to": [3, 2, 14],
			"faces": {
				"north": {"uv": [6.5, 7.75, 6.75, 8], "texture": "#2"},
				"east": {"uv": [5, 6.5, 5.75, 6.75], "texture": "#2"},
				"south": {"uv": [6.75, 7.75, 7, 8], "texture": "#2"},
				"west": {"uv": [6.5, 5.5, 7.25, 5.75], "texture": "#2"},
				"up": {"uv": [6, 7.25, 5.75, 6.5], "texture": "#2"},
				"down": {"uv": [6.75, 5.75, 6.5, 6.5], "texture": "#2"}
			}
		},
		{
			"from": [4, 2, 12],
			"to": [4.2, 3, 13],
			"faces": {
				"north": {"uv": [2, 8, 2.25, 8.25], "texture": "#2"},
				"east": {"uv": [8, 2, 8.25, 2.25], "texture": "#2"},
				"south": {"uv": [2.25, 8, 2.5, 8.25], "texture": "#2"},
				"west": {"uv": [8, 2.25, 8.25, 2.5], "texture": "#2"},
				"up": {"uv": [2.75, 8.25, 2.5, 8], "texture": "#2"},
				"down": {"uv": [8.25, 2.5, 8, 2.75], "texture": "#2"}
			}
		},
		{
			"from": [2.8, 2, 12],
			"to": [3, 3, 13],
			"faces": {
				"north": {"uv": [2.75, 8, 3, 8.25], "texture": "#2"},
				"east": {"uv": [8, 2.75, 8.25, 3], "texture": "#2"},
				"south": {"uv": [3, 8, 3.25, 8.25], "texture": "#2"},
				"west": {"uv": [8, 3, 8.25, 3.25], "texture": "#2"},
				"up": {"uv": [3.5, 8.25, 3.25, 8], "texture": "#2"},
				"down": {"uv": [8.25, 3.25, 8, 3.5], "texture": "#2"}
			}
		},
		{
			"from": [13, 1, 2],
			"to": [13.2, 2, 5],
			"faces": {
				"north": {"uv": [7, 7.75, 7.25, 8], "texture": "#2"},
				"east": {"uv": [6, 6.5, 6.75, 6.75], "texture": "#2"},
				"south": {"uv": [7.75, 7, 8, 7.25], "texture": "#2"},
				"west": {"uv": [3, 6.75, 3.75, 7], "texture": "#2"},
				"up": {"uv": [7, 4.5, 6.75, 3.75], "texture": "#2"},
				"down": {"uv": [4.25, 6.75, 4, 7.5], "texture": "#2"}
			}
		},
		{
			"from": [11.8, 1, 2],
			"to": [12, 2, 5],
			"faces": {
				"north": {"uv": [7.25, 7.75, 7.5, 8], "texture": "#2"},
				"east": {"uv": [6.75, 4.75, 7.5, 5], "texture": "#2"},
				"south": {"uv": [7.75, 7.25, 8, 7.5], "texture": "#2"},
				"west": {"uv": [5, 6.75, 5.75, 7], "texture": "#2"},
				"up": {"uv": [4.5, 7.5, 4.25, 6.75], "texture": "#2"},
				"down": {"uv": [4.75, 6.75, 4.5, 7.5], "texture": "#2"}
			}
		},
		{
			"from": [11.8, 2, 3],
			"to": [12, 3, 4],
			"faces": {
				"north": {"uv": [5, 8, 5.25, 8.25], "texture": "#2"},
				"east": {"uv": [8, 5, 8.25, 5.25], "texture": "#2"},
				"south": {"uv": [5.25, 8, 5.5, 8.25], "texture": "#2"},
				"west": {"uv": [8, 5.25, 8.25, 5.5], "texture": "#2"},
				"up": {"uv": [5.75, 8.25, 5.5, 8], "texture": "#2"},
				"down": {"uv": [8.25, 5.5, 8, 5.75], "texture": "#2"}
			}
		},
		{
			"from": [13, 2, 3],
			"to": [13.2, 3, 4],
			"faces": {
				"north": {"uv": [5.75, 8, 6, 8.25], "texture": "#2"},
				"east": {"uv": [8, 5.75, 8.25, 6], "texture": "#2"},
				"south": {"uv": [6, 8, 6.25, 8.25], "texture": "#2"},
				"west": {"uv": [8, 6, 8.25, 6.25], "texture": "#2"},
				"up": {"uv": [6.5, 8.25, 6.25, 8], "texture": "#2"},
				"down": {"uv": [8.25, 6.25, 8, 6.5], "texture": "#2"}
			}
		},
		{
			"from": [13, 1, 11],
			"to": [13.2, 2, 14],
			"faces": {
				"north": {"uv": [7.5, 7.75, 7.75, 8], "texture": "#2"},
				"east": {"uv": [6.75, 5, 7.5, 5.25], "texture": "#2"},
				"south": {"uv": [7.75, 7.75, 8, 8], "texture": "#2"},
				"west": {"uv": [6.75, 5.25, 7.5, 5.5], "texture": "#2"},
				"up": {"uv": [7, 6.5, 6.75, 5.75], "texture": "#2"},
				"down": {"uv": [6.25, 6.75, 6, 7.5], "texture": "#2"}
			}
		},
		{
			"from": [11.8, 1, 11],
			"to": [12, 2, 14],
			"faces": {
				"north": {"uv": [0, 8, 0.25, 8.25], "texture": "#2"},
				"east": {"uv": [6.25, 6.75, 7, 7], "texture": "#2"},
				"south": {"uv": [0.25, 8, 0.5, 8.25], "texture": "#2"},
				"west": {"uv": [6.75, 6.5, 7.5, 6.75], "texture": "#2"},
				"up": {"uv": [3.25, 7.75, 3, 7], "texture": "#2"},
				"down": {"uv": [3.5, 7, 3.25, 7.75], "texture": "#2"}
			}
		},
		{
			"from": [13, 2, 12],
			"to": [13.2, 3, 13],
			"faces": {
				"north": {"uv": [3.5, 8, 3.75, 8.25], "texture": "#2"},
				"east": {"uv": [8, 3.5, 8.25, 3.75], "texture": "#2"},
				"south": {"uv": [3.75, 8, 4, 8.25], "texture": "#2"},
				"west": {"uv": [8, 3.75, 8.25, 4], "texture": "#2"},
				"up": {"uv": [4.25, 8.25, 4, 8], "texture": "#2"},
				"down": {"uv": [8.25, 4, 8, 4.25], "texture": "#2"}
			}
		},
		{
			"from": [11.8, 2, 12],
			"to": [12, 3, 13],
			"faces": {
				"north": {"uv": [4.25, 8, 4.5, 8.25], "texture": "#2"},
				"east": {"uv": [8, 4.25, 8.25, 4.5], "texture": "#2"},
				"south": {"uv": [4.5, 8, 4.75, 8.25], "texture": "#2"},
				"west": {"uv": [8, 4.5, 8.25, 4.75], "texture": "#2"},
				"up": {"uv": [5, 8.25, 4.75, 8], "texture": "#2"},
				"down": {"uv": [8.25, 4.75, 8, 5], "texture": "#2"}
			}
		}
	],
	"gui_light": "front",
	"display": {
		"thirdperson_righthand": {
			"rotation": [90, 0, 0],
			"translation": [0, 2.25, 4.5],
			"scale": [0.6, 0.6, 0.6]
		},
		"thirdperson_lefthand": {
			"rotation": [90, 0, 0],
			"translation": [0, 2.25, 4.5],
			"scale": [0.6, 0.6, 0.6]
		},
		"firstperson_righthand": {
			"rotation": [50, 0, 75],
			"translation": [3, 0.5, -6]
		},
		"firstperson_lefthand": {
			"rotation": [50, 0, 75],
			"translation": [3, 0.5, -6]
		},
		"ground": {
			"translation": [0, 2.5, 0],
			"scale": [0.5, 0.5, 0.5]
		},
		"gui": {
			"rotation": [90, 0, 0]
		},
		"head": {
			"rotation": [90, 0, 0],
			"translation": [0, 0, 14.5]
		},
		"fixed": {
			"rotation": [-90, 0, 0],
			"translation": [0, 0, -8]
		}
	},
	"groups": [
		{
			"name": "rail",
			"origin": [8, 8, 8],
			"color": 0,
			"children": [0, 1]
		},
		{
			"name": "steps",
			"origin": [8, 8, 8],
			"color": 0,
			"children": [2, 3, 4, 5]
		},
		{
			"name": "redstone",
			"origin": [8, 8, 8],
			"color": 0,
			"children": [6, 7, 8, 9, 10, 11, 12, 13, 14, 15, 16, 17, 18, 19, 20]
		},
		{
			"name": "powered_rail",
			"origin": [8, 8, 8],
			"color": 0,
			"children": [21, 22]
		},
		{
			"name": "extras",
			"origin": [8, 8, 8],
			"color": 0,
			"children": [23, 24]
		},
		{
			"name": "brakes",
			"origin": [8, 8, 8],
			"color": 0,
			"children": [
				{
					"name": "left_top",
					"origin": [8, 8, 8],
					"color": 0,
					"children": [25, 26, 27, 28]
				},
				{
					"name": "left_bottom",
					"origin": [8, 8, 8],
					"color": 0,
					"children": [29, 30, 31, 32]
				},
				{
					"name": "right_top",
					"origin": [8, 8, 8],
					"color": 0,
					"children": [33, 34, 35, 36]
				},
				{
					"name": "right_bottom",
					"origin": [8, 8, 8],
					"color": 0,
					"children": [37, 38, 39, 40]
				}
			]
		}
	]
}