{
	"credit": "Made with Blockbench",
	"texture_size": [32, 32],
	"textures": {
		"0": "moreminecarts:block/rays_maglev_rail_turn_on_right",
		"particle": "moreminecarts:block/rays_maglev_rail_turn_on_right"
	},
	"elements": [
		{
			"from": [12.004, 1, 0],
			"to": [12.996, 1.5, 15.996],
			"faces": {
				"north": {"uv": [8.5, 8, 9, 8.5], "texture": "#0"},
				"east": {"uv": [0, 4, 8, 4.5], "texture": "#0"},
				"south": {"uv": [8.5, 8.5, 9, 9], "texture": "#0"},
				"west": {"uv": [0, 4.5, 8, 5], "texture": "#0"},
				"up": {"uv": [0.5, 13, 0, 5], "texture": "#0"},
				"down": {"uv": [1, 5, 0.5, 13], "texture": "#0"}
			}
		},
		{
			"from": [3.004, 1, 0],
			"to": [3.996, 1.5, 15.996],
			"faces": {
				"north": {"uv": [9, 2, 9.5, 2.5], "texture": "#0"},
				"east": {"uv": [1, 5, 9, 5.5], "texture": "#0"},
				"south": {"uv": [2.5, 9, 3, 9.5], "texture": "#0"},
				"west": {"uv": [1, 5.5, 9, 6], "texture": "#0"},
				"up": {"uv": [1.5, 14, 1, 6], "texture": "#0"},
				"down": {"uv": [2, 6, 1.5, 14], "texture": "#0"}
			}
		},
		{
			"name": "-connector",
			"from": [3, 1, 13.485],
			"to": [4, 2, 16],
			"faces": {
				"north": {"uv": [9, 2.5, 9.5, 3], "texture": "#0"},
				"east": {"uv": [2, 7.5, 3.5, 8], "texture": "#0"},
				"south": {"uv": [3, 9, 3.5, 9.5], "texture": "#0"},
				"west": {"uv": [5.5, 7.5, 7, 8], "texture": "#0"},
				"up": {"uv": [4, 9, 3.5, 7.5], "texture": "#0"},
				"down": {"uv": [4.5, 7.5, 4, 9], "texture": "#0"}
			}
		},
		{
			"name": "connector",
			"from": [13.484, 1, 3],
			"to": [16, 2, 4],
			"faces": {
				"north": {"uv": [7, 7.5, 8.5, 8], "texture": "#0"},
				"east": {"uv": [3.5, 9, 4, 9.5], "texture": "#0"},
				"south": {"uv": [2, 8, 3.5, 8.5], "texture": "#0"},
				"west": {"uv": [4, 9, 4.5, 9.5], "texture": "#0"},
				"up": {"uv": [9.5, 4.5, 8, 4], "texture": "#0"},
				"down": {"uv": [9.5, 4.5, 8, 5], "texture": "#0"}
			}
		},
		{
			"name": "-22,5",
			"from": [7.928, 1.002, 6.23],
			"to": [8.928, 1.998, 11.31],
			"rotation": {"angle": -22.5, "axis": "y", "origin": [0, 0, 0]},
			"faces": {
				"north": {"uv": [4.5, 9, 5, 9.5], "texture": "#0"},
				"east": {"uv": [2, 6, 4.5, 6.5], "texture": "#0"},
				"south": {"uv": [5, 9, 5.5, 9.5], "texture": "#0"},
				"west": {"uv": [6, 2, 8.5, 2.5], "texture": "#0"},
				"up": {"uv": [5, 8.5, 4.5, 6], "texture": "#0"},
				"down": {"uv": [5.5, 6, 5, 8.5], "texture": "#0"}
			}
		},
		{
			"name": "22,5",
			"from": [6.229, 1.002, 7.928],
			"to": [11.31, 1.998, 8.928],
			"rotation": {"angle": 22.5, "axis": "y", "origin": [0, 0, 0]},
			"faces": {
				"north": {"uv": [6, 2.5, 8.5, 3], "texture": "#0"},
				"east": {"uv": [9, 5, 9.5, 5.5], "texture": "#0"},
				"south": {"uv": [6, 3, 8.5, 3.5], "texture": "#0"},
				"west": {"uv": [5.5, 9, 6, 9.5], "texture": "#0"},
				"up": {"uv": [8.5, 4, 6, 3.5], "texture": "#0"},
				"down": {"uv": [8, 6, 5.5, 6.5], "texture": "#0"}
			}
		},
		{
			"name": "45",
			"from": [-2.72, 1, 9.706],
			"to": [2.72, 2, 10.706],
			"rotation": {"angle": 45, "axis": "y", "origin": [0, 0, 0]},
			"faces": {
				"north": {"uv": [2, 6.5, 4.5, 7], "texture": "#0"},
				"east": {"uv": [9, 5.5, 9.5, 6], "texture": "#0"},
				"south": {"uv": [5.5, 6.5, 8, 7], "texture": "#0"},
				"west": {"uv": [6, 9, 6.5, 9.5], "texture": "#0"},
				"up": {"uv": [4.5, 7.5, 2, 7], "texture": "#0"},
				"down": {"uv": [8, 7, 5.5, 7.5], "texture": "#0"}
			}
		},
		{
			"name": "connector",
			"from": [12, 1, 15.275],
			"to": [13, 2, 16],
			"faces": {
				"north": {"uv": [9, 6, 9.5, 6.5], "texture": "#0"},
				"east": {"uv": [6.5, 9, 7, 9.5], "texture": "#0"},
				"south": {"uv": [9, 6.5, 9.5, 7], "texture": "#0"},
				"west": {"uv": [7, 9, 7.5, 9.5], "texture": "#0"},
				"up": {"uv": [9.5, 7.5, 9, 7], "texture": "#0"},
				"down": {"uv": [8, 9, 7.5, 9.5], "texture": "#0"}
			}
		},
		{
			"name": "connector",
			"from": [15.275, 1, 12],
			"to": [16, 2, 13],
			"faces": {
				"north": {"uv": [8, 9, 8.5, 9.5], "texture": "#0"},
				"east": {"uv": [9, 8, 9.5, 8.5], "texture": "#0"},
				"south": {"uv": [8.5, 9, 9, 9.5], "texture": "#0"},
				"west": {"uv": [9, 8.5, 9.5, 9], "texture": "#0"},
				"up": {"uv": [9.5, 9.5, 9, 9], "texture": "#0"},
				"down": {"uv": [2.5, 9.5, 2, 10], "texture": "#0"}
			}
		},
		{
			"from": [8.02, 1.002, 16.928],
			"to": [9.52, 1.998, 17.928],
			"rotation": {"angle": 22.5, "axis": "y", "origin": [0, 0, 0]},
			"faces": {
				"north": {"uv": [5.5, 8, 6.5, 8.5], "texture": "#0"},
				"east": {"uv": [9.5, 2, 10, 2.5], "texture": "#0"},
				"south": {"uv": [8, 6, 9, 6.5], "texture": "#0"},
				"west": {"uv": [2.5, 9.5, 3, 10], "texture": "#0"},
				"up": {"uv": [7.5, 8.5, 6.5, 8], "texture": "#0"},
				"down": {"uv": [9, 6.5, 8, 7], "texture": "#0"}
			}
		},
		{
			"from": [16.928, 1.002, 8.02],
			"to": [17.928, 1.998, 9.52],
			"rotation": {"angle": -22.5, "axis": "y", "origin": [0, 0, 0]},
			"faces": {
				"north": {"uv": [9.5, 2.5, 10, 3], "texture": "#0"},
				"east": {"uv": [8, 7, 9, 7.5], "texture": "#0"},
				"south": {"uv": [3, 9.5, 3.5, 10], "texture": "#0"},
				"west": {"uv": [7.5, 8, 8.5, 8.5], "texture": "#0"},
				"up": {"uv": [2.5, 9.5, 2, 8.5], "texture": "#0"},
				"down": {"uv": [9, 2, 8.5, 3], "texture": "#0"}
			}
		},
		{
			"name": "middle",
			"from": [-0.93, 1, 18.7082],
			"to": [0.93, 2, 19.7082],
			"rotation": {"angle": 45, "axis": "y", "origin": [0, 0, 0]},
			"faces": {
				"north": {"uv": [2.5, 8.5, 3.5, 9], "texture": "#0"},
				"east": {"uv": [9.5, 3, 10, 3.5], "texture": "#0"},
				"south": {"uv": [8.5, 3, 9.5, 3.5], "texture": "#0"},
				"west": {"uv": [3.5, 9.5, 4, 10], "texture": "#0"},
				"up": {"uv": [9.5, 4, 8.5, 3.5], "texture": "#0"},
				"down": {"uv": [5.5, 8.5, 4.5, 9], "texture": "#0"}
			}
		},
		{
			"from": [2, 0, 11],
			"to": [14, 1, 13],
			"faces": {
				"north": {"uv": [6, 0, 12, 0.5], "texture": "#0"},
				"east": {"uv": [5.5, 8.5, 6.5, 9], "texture": "#0"},
				"south": {"uv": [6, 0.5, 12, 1], "texture": "#0"},
				"west": {"uv": [6.5, 8.5, 7.5, 9], "texture": "#0"},
				"up": {"uv": [6, 1, 0, 0], "texture": "#0"},
				"down": {"uv": [6, 1, 0, 2], "texture": "#0"}
			}
		},
		{
			"from": [2, 0, 3],
			"to": [14, 1, 5],
			"faces": {
				"north": {"uv": [6, 1, 12, 1.5], "texture": "#0"},
				"east": {"uv": [7.5, 8.5, 8.5, 9], "texture": "#0"},
				"south": {"uv": [6, 1.5, 12, 2], "texture": "#0"},
				"west": {"uv": [8.5, 7.5, 9.5, 8], "texture": "#0"},
				"up": {"uv": [6, 3, 0, 2], "texture": "#0"},
				"down": {"uv": [6, 3, 0, 4], "texture": "#0"}
			}
		}
	],
	"display": {
		"ground": {
			"translation": [0, 2.5, 0],
			"scale": [0.5, 0.5, 0.5]
		}
	},
	"groups": [
		{
			"name": "rail",
			"origin": [8, 8, 8],
			"color": 0,
			"children": [
				{
					"name": "straight_rail",
					"origin": [8, 8, 8],
					"color": 0,
					"children": [0, 1]
				},
				{
					"name": "outer_turn_rail",
					"origin": [8, 8, 8],
					"color": 0,
					"children": [2, 3, 4, 5, 6]
				},
				{
					"name": "inner_turn_rail",
					"origin": [8, 8, 8],
					"color": 0,
					"children": [7, 8, 9, 10, 11]
				}
			]
		},
		{
			"name": "steps",
			"origin": [8, 8, 8],
			"color": 0,
			"children": [12, 13]
		}
	]
}