{
	"credit": "Made with Blockbench, by xR4YM0ND",
	"texture_size": [64, 64],
	"textures": {
		"1": "moreminecarts:block/rays_maglev_powered_rail_off_raised_ne",
		"particle": "moreminecarts:block/rays_maglev_powered_rail_off_raised_ne"
	},
	"elements": [
		{
			"from": [3.002, 17.002, 0],
			"to": [3.998, 17.998, 22.628],
			"rotation": {"angle": 45, "axis": "x", "origin": [3, 17, 0]},
			"faces": {
				"north": {"uv": [3, 3, 3.25, 3.25], "texture": "#1"},
				"east": {"uv": [0, 2, 5.75, 2.25], "texture": "#1"},
				"south": {"uv": [3, 3.25, 3.25, 3.5], "texture": "#1"},
				"west": {"uv": [0, 2.25, 5.75, 2.5], "texture": "#1"},
				"up": {"uv": [0.25, 8.25, 0, 2.5], "texture": "#1"},
				"down": {"uv": [0.5, 2.5, 0.25, 8.25], "texture": "#1"}
			}
		},
		{
			"from": [3.004, 17.2594, -0.077],
			"to": [3.996, 17.7854, 0.3366],
			"rotation": {"angle": 45, "axis": "x", "origin": [3.5, 17.3, 0.425]},
			"faces": {
				"north": {"uv": [3.25, 3, 3.5, 3.25], "texture": "#1"},
				"east": {"uv": [3.25, 3.25, 3.5, 3.5], "texture": "#1"},
				"south": {"uv": [2, 3.5, 2.25, 3.75], "texture": "#1"},
				"west": {"uv": [2.25, 3.5, 2.5, 3.75], "texture": "#1"},
				"up": {"uv": [2.75, 3.75, 2.5, 3.5], "texture": "#1"},
				"down": {"uv": [3, 3.5, 2.75, 3.75], "texture": "#1"}
			}
		},
		{
			"from": [3.006, 17.006, 0],
			"to": [3.994, 17.994, 0.414],
			"rotation": {"angle": 0, "axis": "y", "origin": [3, 17, 0]},
			"faces": {
				"north": {"uv": [3, 3.5, 3.25, 3.75], "texture": "#1"},
				"east": {"uv": [3.5, 3, 3.75, 3.25], "texture": "#1"},
				"south": {"uv": [3.25, 3.5, 3.5, 3.75], "texture": "#1"},
				"west": {"uv": [3.5, 3.25, 3.75, 3.5], "texture": "#1"},
				"up": {"uv": [3.75, 3.75, 3.5, 3.5], "texture": "#1"},
				"down": {"uv": [2.25, 3.75, 2, 4], "texture": "#1"}
			}
		},
		{
			"from": [12.002, 17.002, 0],
			"to": [12.998, 17.998, 22.628],
			"rotation": {"angle": 45, "axis": "x", "origin": [12, 17, 0]},
			"faces": {
				"north": {"uv": [2.25, 3.75, 2.5, 4], "texture": "#1"},
				"east": {"uv": [0.5, 2.5, 6.25, 2.75], "texture": "#1"},
				"south": {"uv": [2.5, 3.75, 2.75, 4], "texture": "#1"},
				"west": {"uv": [0.5, 2.75, 6.25, 3], "texture": "#1"},
				"up": {"uv": [0.75, 8.75, 0.5, 3], "texture": "#1"},
				"down": {"uv": [1, 3, 0.75, 8.75], "texture": "#1"}
			}
		},
		{
			"from": [12.004, 17.2594, -0.077],
			"to": [12.996, 17.7854, 0.3366],
			"rotation": {"angle": 45, "axis": "x", "origin": [12.5, 17.3, 0.425]},
			"faces": {
				"north": {"uv": [2.75, 3.75, 3, 4], "texture": "#1"},
				"east": {"uv": [3, 3.75, 3.25, 4], "texture": "#1"},
				"south": {"uv": [3.75, 3, 4, 3.25], "texture": "#1"},
				"west": {"uv": [3.25, 3.75, 3.5, 4], "texture": "#1"},
				"up": {"uv": [4, 3.5, 3.75, 3.25], "texture": "#1"},
				"down": {"uv": [3.75, 3.75, 3.5, 4], "texture": "#1"}
			}
		},
		{
			"from": [12.006, 17.006, 0],
			"to": [12.994, 17.994, 0.414],
			"rotation": {"angle": 0, "axis": "y", "origin": [12, 17, 0]},
			"faces": {
				"north": {"uv": [3.75, 3.5, 4, 3.75], "texture": "#1"},
				"east": {"uv": [3.75, 3.75, 4, 4], "texture": "#1"},
				"south": {"uv": [2, 4, 2.25, 4.25], "texture": "#1"},
				"west": {"uv": [2.25, 4, 2.5, 4.25], "texture": "#1"},
				"up": {"uv": [2.75, 4.25, 2.5, 4], "texture": "#1"},
				"down": {"uv": [3, 4, 2.75, 4.25], "texture": "#1"}
			}
		},
		{
			"from": [2, 4.69004, 13.0249],
			"to": [14, 6.69004, 14.0249],
			"rotation": {"angle": -45, "axis": "x", "origin": [8, 2.74004, 13.4572]},
			"faces": {
				"north": {"uv": [0, 0, 3, 0.5], "texture": "#1"},
				"east": {"uv": [2, 3, 2.25, 3.5], "texture": "#1"},
				"south": {"uv": [0, 0.5, 3, 1], "texture": "#1"},
				"west": {"uv": [2.25, 3, 2.5, 3.5], "texture": "#1"},
				"up": {"uv": [6, 1.25, 3, 1], "texture": "#1"},
				"down": {"uv": [6, 1.25, 3, 1.5], "texture": "#1"}
			}
		},
		{
			"from": [2, 15.69004, 13.0249],
			"to": [14, 17.69004, 14.0249],
			"rotation": {"angle": -45, "axis": "x", "origin": [8, 2.74004, 13.4572]},
			"faces": {
				"north": {"uv": [0, 1, 3, 1.5], "texture": "#1"},
				"east": {"uv": [2.5, 3, 2.75, 3.5], "texture": "#1"},
				"south": {"uv": [0, 1.5, 3, 2], "texture": "#1"},
				"west": {"uv": [2.75, 3, 3, 3.5], "texture": "#1"},
				"up": {"uv": [6, 1.75, 3, 1.5], "texture": "#1"},
				"down": {"uv": [6, 1.75, 3, 2], "texture": "#1"}
			}
		},
		{
			"from": [4.302, 17.002, 0],
			"to": [4.998, 17.698, 22.628],
			"rotation": {"angle": 45, "axis": "x", "origin": [4.3, 17, 0]},
			"faces": {
				"north": {"uv": [3, 4, 3.25, 4.25], "texture": "#1"},
				"east": {"uv": [3, 0, 8.75, 0.25], "texture": "#1"},
				"south": {"uv": [4, 3, 4.25, 3.25], "texture": "#1"},
				"west": {"uv": [3, 0.25, 8.75, 0.5], "texture": "#1"},
				"up": {"uv": [1.25, 8.75, 1, 3], "texture": "#1"},
				"down": {"uv": [1.5, 3, 1.25, 8.75], "texture": "#1"}
			}
		},
		{
			"from": [4.304, 17.1863, 0.0486],
			"to": [4.996, 17.4863, 0.3622],
			"rotation": {"angle": 45, "axis": "x", "origin": [4.8, 17.3, 0.425]},
			"faces": {
				"north": {"uv": [3.25, 4, 3.5, 4.25], "texture": "#1"},
				"east": {"uv": [4, 3.25, 4.25, 3.5], "texture": "#1"},
				"south": {"uv": [3.5, 4, 3.75, 4.25], "texture": "#1"},
				"west": {"uv": [4, 3.5, 4.25, 3.75], "texture": "#1"},
				"up": {"uv": [4, 4.25, 3.75, 4], "texture": "#1"},
				"down": {"uv": [4.25, 3.75, 4, 4], "texture": "#1"}
			}
		},
		{
			"from": [4.306, 17.006, 0],
			"to": [4.994, 17.694, 0.2927],
			"rotation": {"angle": 0, "axis": "y", "origin": [4.3, 17, 0]},
			"faces": {
				"north": {"uv": [4, 4, 4.25, 4.25], "texture": "#1"},
				"east": {"uv": [2, 4.25, 2.25, 4.5], "texture": "#1"},
				"south": {"uv": [2.25, 4.25, 2.5, 4.5], "texture": "#1"},
				"west": {"uv": [2.5, 4.25, 2.75, 4.5], "texture": "#1"},
				"up": {"uv": [3, 4.5, 2.75, 4.25], "texture": "#1"},
				"down": {"uv": [3.25, 4.25, 3, 4.5], "texture": "#1"}
			}
		},
		{
			"from": [11.002, 17.002, 0],
			"to": [11.698, 17.698, 22.628],
			"rotation": {"angle": 45, "axis": "x", "origin": [11, 17, 0]},
			"faces": {
				"north": {"uv": [4.25, 3, 4.5, 3.25], "texture": "#1"},
				"east": {"uv": [3, 0.5, 8.75, 0.75], "texture": "#1"},
				"south": {"uv": [3.25, 4.25, 3.5, 4.5], "texture": "#1"},
				"west": {"uv": [3, 0.75, 8.75, 1], "texture": "#1"},
				"up": {"uv": [1.75, 8.75, 1.5, 3], "texture": "#1"},
				"down": {"uv": [2, 3, 1.75, 8.75], "texture": "#1"}
			}
		},
		{
			"from": [11.004, 17.1863, 0.0486],
			"to": [11.696, 17.4863, 0.3622],
			"rotation": {"angle": 45, "axis": "x", "origin": [11.5, 17.3, 0.425]},
			"faces": {
				"north": {"uv": [4.25, 3.25, 4.5, 3.5], "texture": "#1"},
				"east": {"uv": [3.5, 4.25, 3.75, 4.5], "texture": "#1"},
				"south": {"uv": [4.25, 3.5, 4.5, 3.75], "texture": "#1"},
				"west": {"uv": [3.75, 4.25, 4, 4.5], "texture": "#1"},
				"up": {"uv": [4.5, 4, 4.25, 3.75], "texture": "#1"},
				"down": {"uv": [4.25, 4.25, 4, 4.5], "texture": "#1"}
			}
		},
		{
			"from": [11.006, 17.006, 0],
			"to": [11.694, 17.694, 0.2927],
			"rotation": {"angle": 0, "axis": "y", "origin": [11, 17, 0]},
			"faces": {
				"north": {"uv": [4.25, 4, 4.5, 4.25], "texture": "#1"},
				"east": {"uv": [4.25, 4.25, 4.5, 4.5], "texture": "#1"},
				"south": {"uv": [2, 4.5, 2.25, 4.75], "texture": "#1"},
				"west": {"uv": [2.25, 4.5, 2.5, 4.75], "texture": "#1"},
				"up": {"uv": [2.75, 4.75, 2.5, 4.5], "texture": "#1"},
				"down": {"uv": [3, 4.5, 2.75, 4.75], "texture": "#1"}
			}
		}
	],
	"groups": [
		{
			"name": "rail_left",
			"origin": [8, 8, 8],
			"color": 0,
			"children": [0, 1, 2]
		},
		{
			"name": "rail_right",
			"origin": [8, 8, 8],
			"color": 0,
			"children": [3, 4, 5]
		},
		{
			"name": "steps",
			"origin": [8, 8, 8],
			"color": 0,
			"children": [6, 7]
		},
		{
			"name": "powered_rail_left",
			"origin": [8, 8, 8],
			"color": 0,
			"children": [8, 9, 10]
		},
		{
			"name": "powered_rail_right",
			"origin": [8, 8, 8],
			"color": 0,
			"children": [11, 12, 13]
		}
	]
}