{
	"credit": "Made with Blockbench",
	"texture_size": [32, 32],
	"textures": {
		"1": "moreminecarts:block/rays_maglev_projector_rail",
		"particle": "moreminecarts:block/rays_maglev_projector_rail"
	},
	"elements": [
		{
			"from": [12, 1, 0],
			"to": [13, 2, 16],
			"faces": {
				"north": {"uv": [8.5, 9.5, 9, 10], "texture": "#1"},
				"east": {"uv": [0, 4, 8, 4.5], "texture": "#1"},
				"south": {"uv": [9.5, 8.5, 10, 9], "texture": "#1"},
				"west": {"uv": [0, 4.5, 8, 5], "texture": "#1"},
				"up": {"uv": [0.5, 13, 0, 5], "texture": "#1"},
				"down": {"uv": [1, 5, 0.5, 13], "texture": "#1"}
			}
		},
		{
			"from": [3, 1, 0],
			"to": [4, 2, 16],
			"faces": {
				"north": {"uv": [9, 9.5, 9.5, 10], "texture": "#1"},
				"east": {"uv": [1, 5, 9, 5.5], "texture": "#1"},
				"south": {"uv": [9.5, 9, 10, 9.5], "texture": "#1"},
				"west": {"uv": [1, 5.5, 9, 6], "texture": "#1"},
				"up": {"uv": [1.5, 14, 1, 6], "texture": "#1"},
				"down": {"uv": [2, 6, 1.5, 14], "texture": "#1"}
			}
		},
		{
			"from": [2, 0, 3],
			"to": [14, 1, 5],
			"faces": {
				"north": {"uv": [6, 2, 12, 2.5], "texture": "#1"},
				"east": {"uv": [8, 4.5, 9, 5], "texture": "#1"},
				"south": {"uv": [6, 2.5, 12, 3], "texture": "#1"},
				"west": {"uv": [8, 6, 9, 6.5], "texture": "#1"},
				"up": {"uv": [6, 1, 0, 0], "texture": "#1"},
				"down": {"uv": [6, 1, 0, 2], "texture": "#1"}
			}
		},
		{
			"from": [2, 0, 11],
			"to": [14, 1, 13],
			"faces": {
				"north": {"uv": [6, 3, 12, 3.5], "texture": "#1"},
				"east": {"uv": [8, 8, 9, 8.5], "texture": "#1"},
				"south": {"uv": [6, 3.5, 12, 4], "texture": "#1"},
				"west": {"uv": [4, 8.5, 5, 9], "texture": "#1"},
				"up": {"uv": [6, 3, 0, 2], "texture": "#1"},
				"down": {"uv": [6, 3, 0, 4], "texture": "#1"}
			}
		},
		{
			"from": [2.15, 0.15, 0],
			"to": [2.85, 0.85, 16],
			"faces": {
				"north": {"uv": [9.5, 9.5, 10, 10], "texture": "#1"},
				"east": {"uv": [6, 0, 14, 0.5], "texture": "#1"},
				"south": {"uv": [4, 10, 4.5, 10.5], "texture": "#1"},
				"west": {"uv": [6, 0.5, 14, 1], "texture": "#1"},
				"up": {"uv": [2.5, 14, 2, 6], "texture": "#1"},
				"down": {"uv": [3, 6, 2.5, 14], "texture": "#1"}
			}
		},
		{
			"from": [13.15, 0.15, 0],
			"to": [13.85, 0.85, 16],
			"faces": {
				"north": {"uv": [10, 4, 10.5, 4.5], "texture": "#1"},
				"east": {"uv": [6, 1, 14, 1.5], "texture": "#1"},
				"south": {"uv": [4.5, 10, 5, 10.5], "texture": "#1"},
				"west": {"uv": [6, 1.5, 14, 2], "texture": "#1"},
				"up": {"uv": [3.5, 14, 3, 6], "texture": "#1"},
				"down": {"uv": [4, 6, 3.5, 14], "texture": "#1"}
			}
		},
		{
			"from": [4, 1, 6],
			"to": [5, 1.7, 10],
			"faces": {
				"north": {"uv": [10, 4.5, 10.5, 5], "texture": "#1"},
				"east": {"uv": [4, 6, 6, 6.5], "texture": "#1"},
				"south": {"uv": [10, 5, 10.5, 5.5], "texture": "#1"},
				"west": {"uv": [6, 6, 8, 6.5], "texture": "#1"},
				"up": {"uv": [4.5, 8.5, 4, 6.5], "texture": "#1"},
				"down": {"uv": [5, 6.5, 4.5, 8.5], "texture": "#1"}
			}
		},
		{
			"from": [5, 1, 6],
			"to": [6, 1.1, 10],
			"faces": {
				"north": {"uv": [6, 10, 6.5, 10.5], "texture": "#1"},
				"east": {"uv": [7.5, 6.5, 9.5, 7], "texture": "#1"},
				"south": {"uv": [10, 6, 10.5, 6.5], "texture": "#1"},
				"west": {"uv": [7.5, 7, 9.5, 7.5], "texture": "#1"},
				"up": {"uv": [6, 9.5, 5.5, 7.5], "texture": "#1"},
				"down": {"uv": [6.5, 7.5, 6, 9.5], "texture": "#1"}
			}
		},
		{
			"from": [10, 1, 6],
			"to": [11, 1.1, 10],
			"faces": {
				"north": {"uv": [8.5, 10, 9, 10.5], "texture": "#1"},
				"east": {"uv": [7.5, 7.5, 9.5, 8], "texture": "#1"},
				"south": {"uv": [10, 8.5, 10.5, 9], "texture": "#1"},
				"west": {"uv": [8, 4, 10, 4.5], "texture": "#1"},
				"up": {"uv": [7, 9.5, 6.5, 7.5], "texture": "#1"},
				"down": {"uv": [8, 8, 7.5, 10], "texture": "#1"}
			}
		},
		{
			"from": [4, 1, 10],
			"to": [5, 1.1, 12],
			"faces": {
				"north": {"uv": [6.5, 10, 7, 10.5], "texture": "#1"},
				"east": {"uv": [8, 8.5, 9, 9], "texture": "#1"},
				"south": {"uv": [10, 6.5, 10.5, 7], "texture": "#1"},
				"west": {"uv": [4, 9, 5, 9.5], "texture": "#1"},
				"up": {"uv": [7.5, 9.5, 7, 8.5], "texture": "#1"},
				"down": {"uv": [9.5, 4.5, 9, 5.5], "texture": "#1"}
			}
		},
		{
			"from": [4, 1, 4],
			"to": [5, 1.1, 6],
			"faces": {
				"north": {"uv": [7, 10, 7.5, 10.5], "texture": "#1"},
				"east": {"uv": [9, 5.5, 10, 6], "texture": "#1"},
				"south": {"uv": [10, 7, 10.5, 7.5], "texture": "#1"},
				"west": {"uv": [9, 6, 10, 6.5], "texture": "#1"},
				"up": {"uv": [8.5, 10, 8, 9], "texture": "#1"},
				"down": {"uv": [9.5, 8, 9, 9], "texture": "#1"}
			}
		},
		{
			"from": [11, 1, 4],
			"to": [12, 1.1, 6],
			"faces": {
				"north": {"uv": [7.5, 10, 8, 10.5], "texture": "#1"},
				"east": {"uv": [8.5, 9, 9.5, 9.5], "texture": "#1"},
				"south": {"uv": [10, 7.5, 10.5, 8], "texture": "#1"},
				"west": {"uv": [4, 9.5, 5, 10], "texture": "#1"},
				"up": {"uv": [10, 5.5, 9.5, 4.5], "texture": "#1"},
				"down": {"uv": [5.5, 9.5, 5, 10.5], "texture": "#1"}
			}
		},
		{
			"from": [11, 1, 10],
			"to": [12, 1.1, 12],
			"faces": {
				"north": {"uv": [8, 10, 8.5, 10.5], "texture": "#1"},
				"east": {"uv": [5.5, 9.5, 6.5, 10], "texture": "#1"},
				"south": {"uv": [10, 8, 10.5, 8.5], "texture": "#1"},
				"west": {"uv": [6.5, 9.5, 7.5, 10], "texture": "#1"},
				"up": {"uv": [10, 7.5, 9.5, 6.5], "texture": "#1"},
				"down": {"uv": [10, 7.5, 9.5, 8.5], "texture": "#1"}
			}
		},
		{
			"from": [11, 1, 6],
			"to": [12, 1.7, 10],
			"faces": {
				"north": {"uv": [5.5, 10, 6, 10.5], "texture": "#1"},
				"east": {"uv": [5, 6.5, 7, 7], "texture": "#1"},
				"south": {"uv": [10, 5.5, 10.5, 6], "texture": "#1"},
				"west": {"uv": [5, 7, 7, 7.5], "texture": "#1"},
				"up": {"uv": [7.5, 8.5, 7, 6.5], "texture": "#1"},
				"down": {"uv": [5.5, 7.5, 5, 9.5], "texture": "#1"}
			}
		}
	],
	"gui_light": "front",
	"display": {
		"thirdperson_righthand": {
			"rotation": [90, 0, 0],
			"translation": [0, 2.25, 4.5],
			"scale": [0.6, 0.6, 0.6]
		},
		"thirdperson_lefthand": {
			"rotation": [90, 0, 0],
			"translation": [0, 2.25, 4.5],
			"scale": [0.6, 0.6, 0.6]
		},
		"firstperson_righthand": {
			"rotation": [50, 0, 75],
			"translation": [3, 0.5, -6]
		},
		"firstperson_lefthand": {
			"rotation": [50, 0, 75],
			"translation": [3, 0.5, -6]
		},
		"ground": {
			"translation": [0, 2.5, 0],
			"scale": [0.5, 0.5, 0.5]
		},
		"gui": {
			"rotation": [90, 0, 0]
		},
		"head": {
			"rotation": [90, 0, 0],
			"translation": [0, 0, 14.5]
		},
		"fixed": {
			"rotation": [-90, 0, 0],
			"translation": [0, 0, -8]
		}
	},
	"groups": [
		{
			"name": "rail",
			"origin": [8, 8, 8],
			"color": 0,
			"children": [0, 1]
		},
		{
			"name": "steps",
			"origin": [8, 8, 8],
			"color": 0,
			"children": [2, 3]
		},
		{
			"name": "extras",
			"origin": [8, 8, 8],
			"color": 0,
			"children": [4, 5, 6, 7, 8, 9, 10, 11, 12, 13]
		}
	]
}