{
	"credit": "Made with Blockbench, by xR4YM0ND",
	"texture_size": [64, 64],
	"textures": {
		"0": "moreminecarts:block/rays_maglev_rail_raised_sw",
		"particle": "moreminecarts:block/rays_maglev_rail_raised_sw"
	},
	"elements": [
		{
			"name": "base",
			"from": [12.002, 8.8557, -3.66734],
			"to": [12.998, 9.8517, 18.96066],
			"rotation": {"angle": -45, "axis": "x", "origin": [12.5, 9.35375, 7.64666]},
			"faces": {
				"north": {"uv": [3, 1.5, 3.25, 1.75], "texture": "#0"},
				"east": {"uv": [0, 2, 5.75, 2.25], "texture": "#0"},
				"south": {"uv": [3, 1.75, 3.25, 2], "texture": "#0"},
				"west": {"uv": [0, 2.25, 5.75, 2.5], "texture": "#0"},
				"up": {"uv": [0.25, 8.25, 0, 2.5], "texture": "#0"},
				"down": {"uv": [0.5, 2.5, 0.25, 8.25], "texture": "#0"}
			}
		},
		{
			"name": "base_extension",
			"from": [12.004, 17.40307, 15.41942],
			"to": [12.996, 17.92907, 15.83302],
			"rotation": {"angle": -45, "axis": "x", "origin": [12.5, 17.66707, 15.62622]},
			"faces": {
				"north": {"uv": [2, 3, 2.25, 3.25], "texture": "#0"},
				"east": {"uv": [2.25, 3, 2.5, 3.25], "texture": "#0"},
				"south": {"uv": [2.5, 3, 2.75, 3.25], "texture": "#0"},
				"west": {"uv": [2.75, 3, 3, 3.25], "texture": "#0"},
				"up": {"uv": [3.25, 3.25, 3, 3], "texture": "#0"},
				"down": {"uv": [1.25, 3.25, 1, 3.5], "texture": "#0"}
			}
		},
		{
			"name": "base_flat",
			"from": [12.006, 17.006, 15.586],
			"to": [12.994, 17.994, 16],
			"rotation": {"angle": 0, "axis": "x", "origin": [12.5, 17.5, 15.793]},
			"faces": {
				"north": {"uv": [1.25, 3.25, 1.5, 3.5], "texture": "#0"},
				"east": {"uv": [1.5, 3.25, 1.75, 3.5], "texture": "#0"},
				"south": {"uv": [3.25, 1.5, 3.5, 1.75], "texture": "#0"},
				"west": {"uv": [1.75, 3.25, 2, 3.5], "texture": "#0"},
				"up": {"uv": [3.5, 2, 3.25, 1.75], "texture": "#0"},
				"down": {"uv": [2.25, 3.25, 2, 3.5], "texture": "#0"}
			}
		},
		{
			"name": "base",
			"from": [3.002, 8.8557, -3.66734],
			"to": [3.998, 9.8517, 18.96066],
			"rotation": {"angle": -45, "axis": "x", "origin": [3.5, 9.35375, 7.64666]},
			"faces": {
				"north": {"uv": [2.25, 3.25, 2.5, 3.5], "texture": "#0"},
				"east": {"uv": [0.5, 2.5, 6.25, 2.75], "texture": "#0"},
				"south": {"uv": [2.5, 3.25, 2.75, 3.5], "texture": "#0"},
				"west": {"uv": [0.5, 2.75, 6.25, 3], "texture": "#0"},
				"up": {"uv": [0.75, 8.75, 0.5, 3], "texture": "#0"},
				"down": {"uv": [1, 3, 0.75, 8.75], "texture": "#0"}
			}
		},
		{
			"name": "base_extension",
			"from": [3.004, 17.40307, 15.41942],
			"to": [3.996, 17.92907, 15.83302],
			"rotation": {"angle": -45, "axis": "x", "origin": [3.5, 17.66707, 15.62622]},
			"faces": {
				"north": {"uv": [2.75, 3.25, 3, 3.5], "texture": "#0"},
				"east": {"uv": [3, 3.25, 3.25, 3.5], "texture": "#0"},
				"south": {"uv": [3.25, 3, 3.5, 3.25], "texture": "#0"},
				"west": {"uv": [3.25, 3.25, 3.5, 3.5], "texture": "#0"},
				"up": {"uv": [1.25, 3.75, 1, 3.5], "texture": "#0"},
				"down": {"uv": [3.75, 1, 3.5, 1.25], "texture": "#0"}
			}
		},
		{
			"name": "base_flat",
			"from": [3.006, 17.006, 15.586],
			"to": [3.994, 17.994, 16],
			"rotation": {"angle": 0, "axis": "x", "origin": [3.5, 17.5, 15.793]},
			"faces": {
				"north": {"uv": [1.25, 3.5, 1.5, 3.75], "texture": "#0"},
				"east": {"uv": [3.5, 1.25, 3.75, 1.5], "texture": "#0"},
				"south": {"uv": [1.5, 3.5, 1.75, 3.75], "texture": "#0"},
				"west": {"uv": [3.5, 1.5, 3.75, 1.75], "texture": "#0"},
				"up": {"uv": [2, 3.75, 1.75, 3.5], "texture": "#0"},
				"down": {"uv": [3.75, 1.75, 3.5, 2], "texture": "#0"}
			}
		},
		{
			"from": [2, 13.55375, 10.7709],
			"to": [14, 14.55375, 12.7709],
			"rotation": {"angle": -45, "axis": "x", "origin": [8, 14.05375, 13.7709]},
			"faces": {
				"north": {"uv": [3, 0, 6, 0.25], "texture": "#0"},
				"east": {"uv": [1, 3, 1.5, 3.25], "texture": "#0"},
				"south": {"uv": [3, 0.25, 6, 0.5], "texture": "#0"},
				"west": {"uv": [3, 1, 3.5, 1.25], "texture": "#0"},
				"up": {"uv": [3, 0.5, 0, 0], "texture": "#0"},
				"down": {"uv": [3, 0.5, 0, 1], "texture": "#0"}
			}
		},
		{
			"from": [2, 2.24004, 4.4572],
			"to": [14, 3.24004, 6.4572],
			"rotation": {"angle": -45, "axis": "x", "origin": [8, 2.74004, 2.4572]},
			"faces": {
				"north": {"uv": [3, 0.5, 6, 0.75], "texture": "#0"},
				"east": {"uv": [3, 1.25, 3.5, 1.5], "texture": "#0"},
				"south": {"uv": [3, 0.75, 6, 1], "texture": "#0"},
				"west": {"uv": [1.5, 3, 2, 3.25], "texture": "#0"},
				"up": {"uv": [3, 1.5, 0, 1], "texture": "#0"},
				"down": {"uv": [3, 1.5, 0, 2], "texture": "#0"}
			}
		}
	],
	"groups": [
		{
			"name": "rail_left",
			"origin": [8, 8, 8],
			"color": 0,
			"children": [0, 1, 2]
		},
		{
			"name": "rail_right",
			"origin": [8, 8, 8],
			"color": 0,
			"children": [3, 4, 5]
		},
		{
			"name": "steps",
			"origin": [8, 8, 8],
			"color": 0,
			"children": [6, 7]
		}
	]
}