{
	"credit": "Made with Blockbench, by xR4YM0ND",
	"texture_size": [64, 64],
	"textures": {
		"2": "moreminecarts:block/rays_piston_lift_rail_up_off",
		"particle": "moreminecarts:block/rays_piston_lift_rail_up_off"
	},
	"elements": [
		{
			"from": [3, 1, 0],
			"to": [4, 2, 16],
			"faces": {
				"north": {"uv": [6, 6.75, 6.25, 7], "texture": "#2"},
				"east": {"uv": [0, 5, 4, 5.25], "texture": "#2"},
				"south": {"uv": [0.5, 7, 0.75, 7.25], "texture": "#2"},
				"west": {"uv": [5, 0, 9, 0.25], "texture": "#2"},
				"up": {"uv": [4.25, 9, 4, 5], "texture": "#2"},
				"down": {"uv": [4.5, 5, 4.25, 9], "texture": "#2"}
			}
		},
		{
			"from": [12, 1, 0],
			"to": [13, 2, 16],
			"faces": {
				"north": {"uv": [2.25, 7, 2.5, 7.25], "texture": "#2"},
				"east": {"uv": [5, 0.25, 9, 0.5], "texture": "#2"},
				"south": {"uv": [2.5, 7, 2.75, 7.25], "texture": "#2"},
				"west": {"uv": [5, 0.5, 9, 0.75], "texture": "#2"},
				"up": {"uv": [4.75, 9, 4.5, 5], "texture": "#2"},
				"down": {"uv": [5, 5, 4.75, 9], "texture": "#2"}
			}
		},
		{
			"from": [2, 0, 1],
			"to": [14, 1, 3],
			"faces": {
				"north": {"uv": [5, 0.75, 8, 1], "texture": "#2"},
				"east": {"uv": [1.25, 6.75, 1.75, 7], "texture": "#2"},
				"south": {"uv": [5, 1, 8, 1.25], "texture": "#2"},
				"west": {"uv": [1.75, 6.75, 2.25, 7], "texture": "#2"},
				"up": {"uv": [6.5, 2, 3.5, 1.5], "texture": "#2"},
				"down": {"uv": [6.5, 2, 3.5, 2.5], "texture": "#2"}
			}
		},
		{
			"from": [2, 0, 5],
			"to": [14, 1, 7],
			"faces": {
				"north": {"uv": [5, 1.25, 8, 1.5], "texture": "#2"},
				"east": {"uv": [2.25, 6.75, 2.75, 7], "texture": "#2"},
				"south": {"uv": [5, 5, 8, 5.25], "texture": "#2"},
				"west": {"uv": [2.75, 6.75, 3.25, 7], "texture": "#2"},
				"up": {"uv": [6.5, 3, 3.5, 2.5], "texture": "#2"},
				"down": {"uv": [6.5, 3, 3.5, 3.5], "texture": "#2"}
			}
		},
		{
			"from": [2, 0, 9],
			"to": [14, 1, 11],
			"faces": {
				"north": {"uv": [0, 5.25, 3, 5.5], "texture": "#2"},
				"east": {"uv": [6.75, 3, 7.25, 3.25], "texture": "#2"},
				"south": {"uv": [5, 5.25, 8, 5.5], "texture": "#2"},
				"west": {"uv": [3.25, 6.75, 3.75, 7], "texture": "#2"},
				"up": {"uv": [6.5, 4, 3.5, 3.5], "texture": "#2"},
				"down": {"uv": [6.5, 4, 3.5, 4.5], "texture": "#2"}
			}
		},
		{
			"from": [2, 0, 13],
			"to": [14, 1, 15],
			"faces": {
				"north": {"uv": [0, 5.5, 3, 5.75], "texture": "#2"},
				"east": {"uv": [6.75, 3.25, 7.25, 3.5], "texture": "#2"},
				"south": {"uv": [5, 5.5, 8, 5.75], "texture": "#2"},
				"west": {"uv": [6.75, 3.5, 7.25, 3.75], "texture": "#2"},
				"up": {"uv": [3, 5, 0, 4.5], "texture": "#2"},
				"down": {"uv": [6, 4.5, 3, 5], "texture": "#2"}
			}
		},
		{
			"from": [5, 3, 5],
			"to": [11, 3.7, 11],
			"faces": {
				"north": {"uv": [5, 5.75, 6.5, 6], "texture": "#2"},
				"east": {"uv": [0, 6, 1.5, 6.25], "texture": "#2"},
				"south": {"uv": [1.5, 6, 3, 6.25], "texture": "#2"},
				"west": {"uv": [6, 4.5, 7.5, 4.75], "texture": "#2"},
				"up": {"uv": [3.5, 1.5, 2, 0], "texture": "#2"},
				"down": {"uv": [3.5, 1.5, 2, 3], "texture": "#2"}
			}
		},
		{
			"from": [5, 2.3, 5],
			"to": [11, 3, 11],
			"faces": {
				"north": {"uv": [6.5, 1.75, 8, 2], "texture": "#2"},
				"east": {"uv": [6.5, 2, 8, 2.25], "texture": "#2"},
				"south": {"uv": [6.5, 2.25, 8, 2.5], "texture": "#2"},
				"west": {"uv": [6.5, 2.5, 8, 2.75], "texture": "#2"},
				"up": {"uv": [3.5, 4.5, 2, 3], "texture": "#2"},
				"down": {"uv": [5, 0, 3.5, 1.5], "texture": "#2"}
			}
		},
		{
			"from": [7, 1.6, 7],
			"to": [9, 2.3, 9],
			"faces": {
				"north": {"uv": [5.5, 6.75, 6, 7], "texture": "#2"},
				"east": {"uv": [6.75, 5.75, 7.25, 6], "texture": "#2"},
				"south": {"uv": [6.75, 6, 7.25, 6.25], "texture": "#2"},
				"west": {"uv": [6.75, 6.25, 7.25, 6.5], "texture": "#2"},
				"up": {"uv": [3.5, 5.75, 3, 5.25], "texture": "#2"},
				"down": {"uv": [4, 5.25, 3.5, 5.75], "texture": "#2"}
			}
		},
		{
			"from": [7, 0.9, 7],
			"to": [9, 1.6, 9],
			"faces": {
				"north": {"uv": [6.5, 6.75, 7, 7], "texture": "#2"},
				"east": {"uv": [0, 7, 0.5, 7.25], "texture": "#2"},
				"south": {"uv": [1.25, 7, 1.75, 7.25], "texture": "#2"},
				"west": {"uv": [1.75, 7, 2.25, 7.25], "texture": "#2"},
				"up": {"uv": [3.5, 6.5, 3, 6], "texture": "#2"},
				"down": {"uv": [4, 6, 3.5, 6.5], "texture": "#2"}
			}
		},
		{
			"from": [4, 1, 4],
			"to": [12, 1.2, 12],
			"faces": {
				"north": {"uv": [0, 4, 2, 4.25], "texture": "#2"},
				"east": {"uv": [0, 4.25, 2, 4.5], "texture": "#2"},
				"south": {"uv": [0, 5.75, 2, 6], "texture": "#2"},
				"west": {"uv": [2, 5.75, 4, 6], "texture": "#2"},
				"up": {"uv": [2, 2, 0, 0], "texture": "#2"},
				"down": {"uv": [2, 2, 0, 4], "texture": "#2"}
			}
		},
		{
			"from": [4, 1, 1],
			"to": [5, 1.1, 4],
			"faces": {
				"north": {"uv": [2.75, 7, 3, 7.25], "texture": "#2"},
				"east": {"uv": [6.5, 2.75, 7.25, 3], "texture": "#2"},
				"south": {"uv": [3, 7, 3.25, 7.25], "texture": "#2"},
				"west": {"uv": [3, 6.5, 3.75, 6.75], "texture": "#2"},
				"up": {"uv": [6.75, 3.75, 6.5, 3], "texture": "#2"},
				"down": {"uv": [4, 6.5, 3.75, 7.25], "texture": "#2"}
			}
		},
		{
			"from": [4, 1, 12],
			"to": [5, 1.1, 15],
			"faces": {
				"north": {"uv": [3.25, 7, 3.5, 7.25], "texture": "#2"},
				"east": {"uv": [6.5, 3.75, 7.25, 4], "texture": "#2"},
				"south": {"uv": [3.5, 7, 3.75, 7.25], "texture": "#2"},
				"west": {"uv": [6.5, 4, 7.25, 4.25], "texture": "#2"},
				"up": {"uv": [5.25, 7.25, 5, 6.5], "texture": "#2"},
				"down": {"uv": [5.5, 6.5, 5.25, 7.25], "texture": "#2"}
			}
		},
		{
			"from": [5, 1, 3],
			"to": [11, 1.1, 4],
			"faces": {
				"north": {"uv": [6, 4.75, 7.5, 5], "texture": "#2"},
				"east": {"uv": [5.5, 7, 5.75, 7.25], "texture": "#2"},
				"south": {"uv": [5, 6, 6.5, 6.25], "texture": "#2"},
				"west": {"uv": [5.75, 7, 6, 7.25], "texture": "#2"},
				"up": {"uv": [1.5, 6.5, 0, 6.25], "texture": "#2"},
				"down": {"uv": [3, 6.25, 1.5, 6.5], "texture": "#2"}
			}
		},
		{
			"from": [5, 1, 12],
			"to": [11, 1.1, 13],
			"faces": {
				"north": {"uv": [5, 6.25, 6.5, 6.5], "texture": "#2"},
				"east": {"uv": [6, 7, 6.25, 7.25], "texture": "#2"},
				"south": {"uv": [0, 6.5, 1.5, 6.75], "texture": "#2"},
				"west": {"uv": [6.5, 7, 6.75, 7.25], "texture": "#2"},
				"up": {"uv": [3, 6.75, 1.5, 6.5], "texture": "#2"},
				"down": {"uv": [8, 1.5, 6.5, 1.75], "texture": "#2"}
			}
		},
		{
			"from": [11, 1, 1],
			"to": [12, 1.1, 4],
			"faces": {
				"north": {"uv": [6.75, 7, 7, 7.25], "texture": "#2"},
				"east": {"uv": [6.5, 4.25, 7.25, 4.5], "texture": "#2"},
				"south": {"uv": [7, 6.75, 7.25, 7], "texture": "#2"},
				"west": {"uv": [5.5, 6.5, 6.25, 6.75], "texture": "#2"},
				"up": {"uv": [6.75, 6.5, 6.5, 5.75], "texture": "#2"},
				"down": {"uv": [6.5, 6.5, 6.25, 7.25], "texture": "#2"}
			}
		},
		{
			"from": [11, 1, 12],
			"to": [12, 1.1, 15],
			"faces": {
				"north": {"uv": [7, 7, 7.25, 7.25], "texture": "#2"},
				"east": {"uv": [6.5, 6.5, 7.25, 6.75], "texture": "#2"},
				"south": {"uv": [0, 7.25, 0.25, 7.5], "texture": "#2"},
				"west": {"uv": [0, 6.75, 0.75, 7], "texture": "#2"},
				"up": {"uv": [1, 7.5, 0.75, 6.75], "texture": "#2"},
				"down": {"uv": [1.25, 6.75, 1, 7.5], "texture": "#2"}
			}
		}
	],
	"gui_light": "front",
	"display": {
		"thirdperson_righthand": {
			"rotation": [90, 0, 0],
			"translation": [0, 2.25, 4.5],
			"scale": [0.6, 0.6, 0.6]
		},
		"thirdperson_lefthand": {
			"rotation": [90, 0, 0],
			"translation": [0, 2.25, 4.5],
			"scale": [0.6, 0.6, 0.6]
		},
		"firstperson_righthand": {
			"rotation": [50, 0, 75],
			"translation": [3, 0.5, -6]
		},
		"firstperson_lefthand": {
			"rotation": [50, 0, 75],
			"translation": [3, 0.5, -6]
		},
		"ground": {
			"translation": [0, 2.5, 0],
			"scale": [0.5, 0.5, 0.5]
		},
		"gui": {
			"rotation": [90, 0, 0]
		},
		"head": {
			"rotation": [90, 0, 0],
			"translation": [0, 0, 14.5]
		},
		"fixed": {
			"rotation": [-90, 0, 0],
			"translation": [0, 0, -8]
		}
	},
	"groups": [
		{
			"name": "rail",
			"origin": [8, 8, 8],
			"color": 0,
			"children": [0, 1]
		},
		{
			"name": "steps",
			"origin": [8, 8, 8],
			"color": 0,
			"children": [2, 3, 4, 5]
		},
		{
			"name": "extras",
			"origin": [8, 8, 8],
			"color": 0,
			"children": [
				{
					"name": "icon",
					"origin": [8, 8, 8],
					"color": 0,
					"children": [6, 7, 8, 9]
				},
				10
			]
		},
		{
			"name": "redstone",
			"origin": [8, 8, 8],
			"color": 0,
			"children": [11, 12, 13, 14, 15, 16]
		}
	]
}