{
	"credit": "Made with Blockbench, by xR4YM0ND",
	"texture_size": [32, 32],
	"textures": {
		"0": "moreminecarts:block/rays_projector_rail",
		"particle": "moreminecarts:block/rays_projector_rail"
	},
	"elements": [
		{
			"from": [3, 1, 0],
			"to": [4, 2, 16],
			"faces": {
				"north": {"uv": [5.5, 9.5, 6, 10], "texture": "#0"},
				"east": {"uv": [6, 1, 14, 1.5], "texture": "#0"},
				"south": {"uv": [4, 12, 4.5, 12.5], "texture": "#0"},
				"west": {"uv": [6, 1.5, 14, 2], "texture": "#0"},
				"up": {"uv": [6.5, 10, 6, 2], "texture": "#0"},
				"down": {"uv": [7, 2, 6.5, 10], "texture": "#0"}
			}
		},
		{
			"from": [12, 1, 0],
			"to": [13, 2, 16],
			"faces": {
				"north": {"uv": [4.5, 12, 5, 12.5], "texture": "#0"},
				"east": {"uv": [7, 2, 15, 2.5], "texture": "#0"},
				"south": {"uv": [5, 12, 5.5, 12.5], "texture": "#0"},
				"west": {"uv": [7, 2.5, 15, 3], "texture": "#0"},
				"up": {"uv": [0.5, 15, 0, 7], "texture": "#0"},
				"down": {"uv": [1, 7, 0.5, 15], "texture": "#0"}
			}
		},
		{
			"from": [2, 0, 1],
			"to": [14, 1, 3],
			"faces": {
				"north": {"uv": [7, 5, 13, 5.5], "texture": "#0"},
				"east": {"uv": [6.5, 11.5, 7.5, 12], "texture": "#0"},
				"south": {"uv": [7, 5.5, 13, 6], "texture": "#0"},
				"west": {"uv": [11.5, 9, 12.5, 9.5], "texture": "#0"},
				"up": {"uv": [6, 1, 0, 0], "texture": "#0"},
				"down": {"uv": [6, 1, 0, 2], "texture": "#0"}
			}
		},
		{
			"from": [2, 0, 5],
			"to": [14, 1, 7],
			"faces": {
				"north": {"uv": [7, 6, 13, 6.5], "texture": "#0"},
				"east": {"uv": [11.5, 9.5, 12.5, 10], "texture": "#0"},
				"south": {"uv": [7, 6.5, 13, 7], "texture": "#0"},
				"west": {"uv": [10, 11.5, 11, 12], "texture": "#0"},
				"up": {"uv": [6, 3, 0, 2], "texture": "#0"},
				"down": {"uv": [6, 3, 0, 4], "texture": "#0"}
			}
		},
		{
			"from": [2, 0, 9],
			"to": [14, 1, 11],
			"faces": {
				"north": {"uv": [7, 7, 13, 7.5], "texture": "#0"},
				"east": {"uv": [11.5, 10, 12.5, 10.5], "texture": "#0"},
				"south": {"uv": [7, 7.5, 13, 8], "texture": "#0"},
				"west": {"uv": [11, 11.5, 12, 12], "texture": "#0"},
				"up": {"uv": [6, 5, 0, 4], "texture": "#0"},
				"down": {"uv": [6, 5, 0, 6], "texture": "#0"}
			}
		},
		{
			"from": [2, 0, 13],
			"to": [14, 1, 15],
			"faces": {
				"north": {"uv": [7, 8, 13, 8.5], "texture": "#0"},
				"east": {"uv": [12, 0, 13, 0.5], "texture": "#0"},
				"south": {"uv": [7, 8.5, 13, 9], "texture": "#0"},
				"west": {"uv": [12, 0.5, 13, 1], "texture": "#0"},
				"up": {"uv": [6, 7, 0, 6], "texture": "#0"},
				"down": {"uv": [12, 0, 6, 1], "texture": "#0"}
			}
		},
		{
			"from": [2.15, 0.15, 0],
			"to": [2.85, 0.85, 16],
			"faces": {
				"north": {"uv": [5.5, 12, 6, 12.5], "texture": "#0"},
				"east": {"uv": [7, 3, 15, 3.5], "texture": "#0"},
				"south": {"uv": [6.5, 12, 7, 12.5], "texture": "#0"},
				"west": {"uv": [7, 3.5, 15, 4], "texture": "#0"},
				"up": {"uv": [1.5, 15, 1, 7], "texture": "#0"},
				"down": {"uv": [2, 7, 1.5, 15], "texture": "#0"}
			}
		},
		{
			"from": [13.15, 0.15, 0],
			"to": [13.85, 0.85, 16],
			"faces": {
				"north": {"uv": [7, 12, 7.5, 12.5], "texture": "#0"},
				"east": {"uv": [7, 4, 15, 4.5], "texture": "#0"},
				"south": {"uv": [7.5, 12, 8, 12.5], "texture": "#0"},
				"west": {"uv": [7, 4.5, 15, 5], "texture": "#0"},
				"up": {"uv": [2.5, 15, 2, 7], "texture": "#0"},
				"down": {"uv": [3, 7, 2.5, 15], "texture": "#0"}
			}
		},
		{
			"from": [4, 1, 2],
			"to": [5, 1.1, 6],
			"faces": {
				"north": {"uv": [8, 12, 8.5, 12.5], "texture": "#0"},
				"east": {"uv": [3, 7, 5, 7.5], "texture": "#0"},
				"south": {"uv": [8.5, 12, 9, 12.5], "texture": "#0"},
				"west": {"uv": [3, 7.5, 5, 8], "texture": "#0"},
				"up": {"uv": [5.5, 9, 5, 7], "texture": "#0"},
				"down": {"uv": [6, 7, 5.5, 9], "texture": "#0"}
			}
		},
		{
			"from": [4, 1, 6],
			"to": [5, 1.7, 10],
			"faces": {
				"north": {"uv": [12, 11.5, 12.5, 12], "texture": "#0"},
				"east": {"uv": [9.5, 9.5, 11.5, 10], "texture": "#0"},
				"south": {"uv": [12, 12, 12.5, 12.5], "texture": "#0"},
				"west": {"uv": [5.5, 10, 7.5, 10.5], "texture": "#0"},
				"up": {"uv": [8, 12, 7.5, 10], "texture": "#0"},
				"down": {"uv": [8.5, 10, 8, 12], "texture": "#0"}
			}
		},
		{
			"from": [11, 1, 6],
			"to": [12, 1.7, 10],
			"faces": {
				"north": {"uv": [4, 12.5, 4.5, 13], "texture": "#0"},
				"east": {"uv": [9.5, 10, 11.5, 10.5], "texture": "#0"},
				"south": {"uv": [4.5, 12.5, 5, 13], "texture": "#0"},
				"west": {"uv": [5.5, 10.5, 7.5, 11], "texture": "#0"},
				"up": {"uv": [9, 12, 8.5, 10], "texture": "#0"},
				"down": {"uv": [10, 10.5, 9.5, 12.5], "texture": "#0"}
			}
		},
		{
			"from": [4, 1, 10],
			"to": [5, 1.1, 14],
			"faces": {
				"north": {"uv": [12, 11, 12.5, 11.5], "texture": "#0"},
				"east": {"uv": [7, 9.5, 9, 10], "texture": "#0"},
				"south": {"uv": [11.5, 12, 12, 12.5], "texture": "#0"},
				"west": {"uv": [9.5, 9, 11.5, 9.5], "texture": "#0"},
				"up": {"uv": [5, 11.5, 4.5, 9.5], "texture": "#0"},
				"down": {"uv": [5.5, 9.5, 5, 11.5], "texture": "#0"}
			}
		},
		{
			"from": [11, 1, 2],
			"to": [12, 1.1, 6],
			"faces": {
				"north": {"uv": [10, 12, 10.5, 12.5], "texture": "#0"},
				"east": {"uv": [3, 8, 5, 8.5], "texture": "#0"},
				"south": {"uv": [10.5, 12, 11, 12.5], "texture": "#0"},
				"west": {"uv": [3, 8.5, 5, 9], "texture": "#0"},
				"up": {"uv": [3.5, 11, 3, 9], "texture": "#0"},
				"down": {"uv": [4, 9, 3.5, 11], "texture": "#0"}
			}
		},
		{
			"from": [11, 1, 10],
			"to": [12, 1.1, 14],
			"faces": {
				"north": {"uv": [12, 10.5, 12.5, 11], "texture": "#0"},
				"east": {"uv": [4, 9, 6, 9.5], "texture": "#0"},
				"south": {"uv": [11, 12, 11.5, 12.5], "texture": "#0"},
				"west": {"uv": [7, 9, 9, 9.5], "texture": "#0"},
				"up": {"uv": [9.5, 11, 9, 9], "texture": "#0"},
				"down": {"uv": [4.5, 9.5, 4, 11.5], "texture": "#0"}
			}
		},
		{
			"from": [3, 0, 0.5],
			"to": [4, 1, 1],
			"faces": {
				"north": {"uv": [5, 12.5, 5.5, 13], "texture": "#0"},
				"east": {"uv": [5.5, 12.5, 6, 13], "texture": "#0"},
				"south": {"uv": [6.5, 12.5, 7, 13], "texture": "#0"},
				"west": {"uv": [7, 12.5, 7.5, 13], "texture": "#0"},
				"up": {"uv": [8, 13, 7.5, 12.5], "texture": "#0"},
				"down": {"uv": [8.5, 12.5, 8, 13], "texture": "#0"}
			}
		},
		{
			"from": [12, 0, 0.5],
			"to": [13, 1, 1],
			"faces": {
				"north": {"uv": [8.5, 12.5, 9, 13], "texture": "#0"},
				"east": {"uv": [12.5, 9, 13, 9.5], "texture": "#0"},
				"south": {"uv": [9.5, 12.5, 10, 13], "texture": "#0"},
				"west": {"uv": [12.5, 9.5, 13, 10], "texture": "#0"},
				"up": {"uv": [10.5, 13, 10, 12.5], "texture": "#0"},
				"down": {"uv": [13, 10, 12.5, 10.5], "texture": "#0"}
			}
		},
		{
			"from": [5, 1, 6],
			"to": [6, 1.1, 10],
			"faces": {
				"north": {"uv": [10.5, 12.5, 11, 13], "texture": "#0"},
				"east": {"uv": [10, 10.5, 12, 11], "texture": "#0"},
				"south": {"uv": [12.5, 10.5, 13, 11], "texture": "#0"},
				"west": {"uv": [5.5, 11, 7.5, 11.5], "texture": "#0"},
				"up": {"uv": [3.5, 13, 3, 11], "texture": "#0"},
				"down": {"uv": [4, 11, 3.5, 13], "texture": "#0"}
			}
		},
		{
			"from": [10, 1, 6],
			"to": [11, 1.1, 10],
			"faces": {
				"north": {"uv": [11, 12.5, 11.5, 13], "texture": "#0"},
				"east": {"uv": [10, 11, 12, 11.5], "texture": "#0"},
				"south": {"uv": [12.5, 11, 13, 11.5], "texture": "#0"},
				"west": {"uv": [4, 11.5, 6, 12], "texture": "#0"},
				"up": {"uv": [9.5, 13, 9, 11], "texture": "#0"},
				"down": {"uv": [6.5, 11.5, 6, 13.5], "texture": "#0"}
			}
		}
	],
	"gui_light": "front",
	"display": {
		"thirdperson_righthand": {
			"rotation": [90, 0, 0],
			"translation": [0, 2.25, 4.5],
			"scale": [0.6, 0.6, 0.6]
		},
		"thirdperson_lefthand": {
			"rotation": [90, 0, 0],
			"translation": [0, 2.25, 4.5],
			"scale": [0.6, 0.6, 0.6]
		},
		"firstperson_righthand": {
			"rotation": [50, 0, 75],
			"translation": [3, 0.5, -6]
		},
		"firstperson_lefthand": {
			"rotation": [50, 0, 75],
			"translation": [3, 0.5, -6]
		},
		"ground": {
			"translation": [0, 2.5, 0],
			"scale": [0.5, 0.5, 0.5]
		},
		"gui": {
			"rotation": [90, 0, 0]
		},
		"head": {
			"rotation": [90, 0, 0],
			"translation": [0, 0, 14.5]
		},
		"fixed": {
			"rotation": [-90, 0, 0],
			"translation": [0, 0, -8]
		}
	},
	"groups": [
		{
			"name": "rail",
			"origin": [8, 8, 8],
			"color": 0,
			"children": [0, 1]
		},
		{
			"name": "steps",
			"origin": [8, 8, 8],
			"color": 0,
			"children": [2, 3, 4, 5]
		},
		{
			"name": "extras",
			"origin": [8, 8, 8],
			"color": 0,
			"children": [6, 7, 8, 9, 10, 11, 12, 13, 14, 15, 16, 17]
		}
	]
}