{
	"credit": "Made with Blockbench",
	"texture_size": [32, 32],
	"textures": {
		"0": "moreminecarts:block/rays_wooden_rail_turn_on_left",
		"particle": "moreminecarts:block/rays_wooden_rail_turn_on_left"
	},
	"elements": [
		{
			"from": [12.004, 1, 0],
			"to": [12.996, 1.5, 15.996],
			"faces": {
				"north": {"uv": [2, 11, 2.5, 11.5], "texture": "#0"},
				"east": {"uv": [0, 6, 8, 6.5], "texture": "#0"},
				"south": {"uv": [2.5, 11, 3, 11.5], "texture": "#0"},
				"west": {"uv": [6, 0, 14, 0.5], "texture": "#0"},
				"up": {"uv": [0.5, 14.5, 0, 6.5], "texture": "#0"},
				"down": {"uv": [1, 6.5, 0.5, 14.5], "texture": "#0"}
			}
		},
		{
			"from": [3.004, 1, 0],
			"to": [3.996, 1.5, 15.996],
			"faces": {
				"north": {"uv": [11, 2.5, 11.5, 3], "texture": "#0"},
				"east": {"uv": [6, 0.5, 14, 1], "texture": "#0"},
				"south": {"uv": [3, 11, 3.5, 11.5], "texture": "#0"},
				"west": {"uv": [6, 1, 14, 1.5], "texture": "#0"},
				"up": {"uv": [1.5, 14.5, 1, 6.5], "texture": "#0"},
				"down": {"uv": [2, 6.5, 1.5, 14.5], "texture": "#0"}
			}
		},
		{
			"name": "-connector",
			"from": [12, 1, 13.485],
			"to": [13, 2, 16],
			"rotation": {"angle": 0, "axis": "y", "origin": [12.5, 1.5, 14.7425]},
			"faces": {
				"north": {"uv": [11, 3, 11.5, 3.5], "texture": "#0"},
				"east": {"uv": [9.5, 2.5, 11, 3], "texture": "#0"},
				"south": {"uv": [3.5, 11, 4, 11.5], "texture": "#0"},
				"west": {"uv": [9.5, 3, 11, 3.5], "texture": "#0"},
				"up": {"uv": [8, 10, 7.5, 8.5], "texture": "#0"},
				"down": {"uv": [4.5, 9.5, 4, 11], "texture": "#0"}
			}
		},
		{
			"name": "connector",
			"from": [0, 1, 3],
			"to": [2.516, 2, 4],
			"rotation": {"angle": 0, "axis": "y", "origin": [1.258, 1.5, 3.5]},
			"faces": {
				"north": {"uv": [5, 9.5, 6.5, 10], "texture": "#0"},
				"east": {"uv": [4, 11, 4.5, 11.5], "texture": "#0"},
				"south": {"uv": [9, 9.5, 10.5, 10], "texture": "#0"},
				"west": {"uv": [4.5, 11, 5, 11.5], "texture": "#0"},
				"up": {"uv": [3.5, 10.5, 2, 10], "texture": "#0"},
				"down": {"uv": [6.5, 10, 5, 10.5], "texture": "#0"}
			}
		},
		{
			"name": "-22,5",
			"from": [11.0495, 1.002, 8.79],
			"to": [12.0495, 1.998, 13.87],
			"rotation": {"angle": 22.5, "axis": "y", "origin": [11.56487, 1.5, 11.29797]},
			"faces": {
				"north": {"uv": [5, 11, 5.5, 11.5], "texture": "#0"},
				"east": {"uv": [8, 6, 10.5, 6.5], "texture": "#0"},
				"south": {"uv": [5.5, 11, 6, 11.5], "texture": "#0"},
				"west": {"uv": [2, 8.5, 4.5, 9], "texture": "#0"},
				"up": {"uv": [9, 6, 8.5, 3.5], "texture": "#0"},
				"down": {"uv": [5, 8.5, 4.5, 11], "texture": "#0"}
			}
		},
		{
			"name": "22,5",
			"from": [2.1441, 1.002, 3.9533],
			"to": [7.2251, 1.998, 4.9533],
			"rotation": {"angle": -22.5, "axis": "y", "origin": [4.73637, 1.5, 4.40954]},
			"faces": {
				"north": {"uv": [5, 8.5, 7.5, 9], "texture": "#0"},
				"east": {"uv": [6, 11, 6.5, 11.5], "texture": "#0"},
				"south": {"uv": [2, 9, 4.5, 9.5], "texture": "#0"},
				"west": {"uv": [6.5, 11, 7, 11.5], "texture": "#0"},
				"up": {"uv": [11.5, 4, 9, 3.5], "texture": "#0"},
				"down": {"uv": [11.5, 4, 9, 4.5], "texture": "#0"}
			}
		},
		{
			"name": "45",
			"from": [6.12591, 1, 6.74485],
			"to": [11.57391, 2, 7.74485],
			"rotation": {"angle": -45, "axis": "y", "origin": [8.84591, 1.5, 7.14885]},
			"faces": {
				"north": {"uv": [9, 4.5, 11.5, 5], "texture": "#0"},
				"east": {"uv": [7, 11, 7.5, 11.5], "texture": "#0"},
				"south": {"uv": [5, 9, 7.5, 9.5], "texture": "#0"},
				"west": {"uv": [7.5, 11, 8, 11.5], "texture": "#0"},
				"up": {"uv": [11.5, 5.5, 9, 5], "texture": "#0"},
				"down": {"uv": [11.5, 5.5, 9, 6], "texture": "#0"}
			}
		},
		{
			"name": "connector",
			"from": [3, 1, 15.275],
			"to": [4, 2, 16],
			"rotation": {"angle": 0, "axis": "y", "origin": [12.5, 1.5, 15.6375]},
			"faces": {
				"north": {"uv": [8.5, 11, 9, 11.5], "texture": "#0"},
				"east": {"uv": [9, 11, 9.5, 11.5], "texture": "#0"},
				"south": {"uv": [11, 10, 11.5, 10.5], "texture": "#0"},
				"west": {"uv": [10.5, 11, 11, 11.5], "texture": "#0"},
				"up": {"uv": [11.5, 11.5, 11, 11], "texture": "#0"},
				"down": {"uv": [2.5, 11.5, 2, 12], "texture": "#0"}
			}
		},
		{
			"name": "connector",
			"from": [0, 1, 12],
			"to": [0.725, 2, 13],
			"rotation": {"angle": 0, "axis": "y", "origin": [15.6375, 1.5, 12.5]},
			"faces": {
				"north": {"uv": [11.5, 2, 12, 2.5], "texture": "#0"},
				"east": {"uv": [2.5, 11.5, 3, 12], "texture": "#0"},
				"south": {"uv": [11.5, 2.5, 12, 3], "texture": "#0"},
				"west": {"uv": [3, 11.5, 3.5, 12], "texture": "#0"},
				"up": {"uv": [12, 3.5, 11.5, 3], "texture": "#0"},
				"down": {"uv": [4, 11.5, 3.5, 12], "texture": "#0"}
			}
		},
		{
			"from": [1.506, 1.002, 17.43],
			"to": [3.006, 1.998, 18.43],
			"rotation": {"angle": -22.5, "axis": "y", "origin": [14.77336, 1.5, 12.74893]},
			"faces": {
				"north": {"uv": [11.5, 3.5, 12, 4], "texture": "#0"},
				"east": {"uv": [4, 11.5, 4.5, 12], "texture": "#0"},
				"south": {"uv": [11.5, 4, 12, 4.5], "texture": "#0"},
				"west": {"uv": [4.5, 11.5, 5, 12], "texture": "#0"},
				"up": {"uv": [12, 5, 11.5, 4.5], "texture": "#0"},
				"down": {"uv": [5.5, 11.5, 5, 12], "texture": "#0"}
			}
		},
		{
			"from": [3.47, 1.002, 10.39],
			"to": [4.47, 1.998, 11.89],
			"rotation": {"angle": 22.5, "axis": "y", "origin": [12.74893, 1.5, 14.77336]},
			"faces": {
				"north": {"uv": [11.5, 5, 12, 5.5], "texture": "#0"},
				"east": {"uv": [6.5, 9.5, 7.5, 10], "texture": "#0"},
				"south": {"uv": [5.5, 11.5, 6, 12], "texture": "#0"},
				"west": {"uv": [10.5, 7, 11.5, 7.5], "texture": "#0"},
				"up": {"uv": [4, 11, 3.5, 10], "texture": "#0"},
				"down": {"uv": [8.5, 10.5, 8, 11.5], "texture": "#0"}
			}
		},
		{
			"name": "middle",
			"from": [5.18108, 1, 4.75508],
			"to": [6.18108, 2, 6.61808],
			"rotation": {"angle": 45, "axis": "y", "origin": [13.58508, 1.5, 13.58508]},
			"faces": {
				"north": {"uv": [11.5, 5.5, 12, 6], "texture": "#0"},
				"east": {"uv": [10.5, 7.5, 11.5, 8], "texture": "#0"},
				"south": {"uv": [6, 11.5, 6.5, 12], "texture": "#0"},
				"west": {"uv": [8.5, 10.5, 9.5, 11], "texture": "#0"},
				"up": {"uv": [10, 11.5, 9.5, 10.5], "texture": "#0"},
				"down": {"uv": [10.5, 10.5, 10, 11.5], "texture": "#0"}
			}
		},
		{
			"from": [2, 0, 1],
			"to": [14, 1, 4],
			"faces": {
				"north": {"uv": [4.5, 6.5, 10.5, 7], "texture": "#0"},
				"east": {"uv": [6.5, 10, 8, 10.5], "texture": "#0"},
				"south": {"uv": [4.5, 7, 10.5, 7.5], "texture": "#0"},
				"west": {"uv": [8, 10, 9.5, 10.5], "texture": "#0"},
				"up": {"uv": [6, 1.5, 0, 0], "texture": "#0"},
				"down": {"uv": [6, 1.5, 0, 3], "texture": "#0"}
			}
		},
		{
			"from": [2, 0, 12],
			"to": [14, 1, 15],
			"faces": {
				"north": {"uv": [4.5, 7.5, 10.5, 8], "texture": "#0"},
				"east": {"uv": [9.5, 10, 11, 10.5], "texture": "#0"},
				"south": {"uv": [2, 8, 8, 8.5], "texture": "#0"},
				"west": {"uv": [2, 10.5, 3.5, 11], "texture": "#0"},
				"up": {"uv": [6, 4.5, 0, 3], "texture": "#0"},
				"down": {"uv": [6, 4.5, 0, 6], "texture": "#0"}
			}
		},
		{
			"from": [2, 0, 6],
			"to": [7, 1, 9],
			"faces": {
				"north": {"uv": [9, 8, 11.5, 8.5], "texture": "#0"},
				"east": {"uv": [5, 10.5, 6.5, 11], "texture": "#0"},
				"south": {"uv": [9, 8.5, 11.5, 9], "texture": "#0"},
				"west": {"uv": [10.5, 6, 12, 6.5], "texture": "#0"},
				"up": {"uv": [8.5, 3, 6, 1.5], "texture": "#0"},
				"down": {"uv": [8.5, 3, 6, 4.5], "texture": "#0"}
			}
		},
		{
			"from": [7, 0, 6],
			"to": [9, 1, 10],
			"faces": {
				"north": {"uv": [10.5, 9.5, 11.5, 10], "texture": "#0"},
				"east": {"uv": [2, 9.5, 4, 10], "texture": "#0"},
				"south": {"uv": [10.5, 10.5, 11.5, 11], "texture": "#0"},
				"west": {"uv": [9.5, 2, 11.5, 2.5], "texture": "#0"},
				"up": {"uv": [9, 10, 8, 8], "texture": "#0"},
				"down": {"uv": [9.5, 1.5, 8.5, 3.5], "texture": "#0"}
			}
		},
		{
			"from": [9, 0, 7],
			"to": [14, 1, 10],
			"faces": {
				"north": {"uv": [9, 9, 11.5, 9.5], "texture": "#0"},
				"east": {"uv": [6.5, 10.5, 8, 11], "texture": "#0"},
				"south": {"uv": [9.5, 1.5, 12, 2], "texture": "#0"},
				"west": {"uv": [10.5, 6.5, 12, 7], "texture": "#0"},
				"up": {"uv": [8.5, 6, 6, 4.5], "texture": "#0"},
				"down": {"uv": [4.5, 6.5, 2, 8], "texture": "#0"}
			}
		}
	],
	"display": {
		"ground": {
			"translation": [0, 2.5, 0],
			"scale": [0.5, 0.5, 0.5]
		}
	},
	"groups": [
		{
			"name": "rail",
			"origin": [8, 8, 8],
			"color": 0,
			"children": [
				{
					"name": "straight_rail",
					"origin": [8, 8, 8],
					"color": 0,
					"children": [0, 1]
				},
				{
					"name": "outer_turn_rail",
					"origin": [8, 8, 8],
					"color": 0,
					"children": [2, 3, 4, 5, 6]
				},
				{
					"name": "inner_turn_rail",
					"origin": [8, 8, 8],
					"color": 0,
					"children": [7, 8, 9, 10, 11]
				}
			]
		},
		{
			"name": "steps",
			"origin": [8, 8, 8],
			"color": 0,
			"children": [12, 13, 14, 15, 16]
		}
	]
}